umap_x	umap_y	Metadata_Plate	Metadata_Well	Metadata_Assay_Plate_Barcode	Metadata_Plate_Map_Name	Metadata_well_position	Metadata_cell_line	Metadata_patient	Metadata_FFA	Metadata_diff_day
-4.699175180225468	1.9752535738133101	BR00101080	B02	BR00101080	BR00101080	B02	vc	PAC_261	0	3
-3.9220043101466326	-1.6751945284497767	BR00101080	B03	BR00101080	BR00101080	B03	sc	PAC_246	0	3
-1.2411255130170566	2.219132617077609	BR00101080	B04	BR00101080	BR00101080	B04	vc	PAC_246	0	3
-1.6343183011674274	3.1382398830344966	BR00101080	B05	BR00101080	BR00101080	B05	sc	PAC_266	0	3
3.830453734864999	3.967431210904141	BR00101080	B06	BR00101080	BR00101080	B06	vc	PAC_266	0	3
-3.8011918850666064	-1.5345034295471236	BR00101080	B07	BR00101080	BR00101080	B07	sc	PAC_164	0	3
-3.9953786570108365	1.8581189546287957	BR00101080	B08	BR00101080	BR00101080	B08	vc	PAC_164	0	3
-1.6122203115561817	-0.11664147291654903	BR00101080	B09	BR00101080	BR00101080	B09	SGBS	SGBS	0	3
10.473839184402033	-7.179569858531047	BR00101080	B10	BR00101080	BR00101080	B10	sc	hWAT	0	3
-2.911154126550987	2.3557481068353705	BR00101080	B11	BR00101080	BR00101080	B11	hBAT	hBAT	0	3
3.704002011251593	4.126345821654093	BR00101080	C02	BR00101080	BR00101080	C02	vc	PAC_261	0	3
-3.9494593100402833	-1.8246953387287816	BR00101080	C03	BR00101080	BR00101080	C03	sc	PAC_246	0	3
-1.104534986757529	2.1233227615104417	BR00101080	C04	BR00101080	BR00101080	C04	vc	PAC_246	0	3
-1.54712140185863	3.206882160171785	BR00101080	C05	BR00101080	BR00101080	C05	sc	PAC_266	0	3
3.7580209368636512	4.061894635421458	BR00101080	C06	BR00101080	BR00101080	C06	vc	PAC_266	0	3
-3.7819570474081226	-1.4196580743057647	BR00101080	C07	BR00101080	BR00101080	C07	sc	PAC_164	0	3
-0.8347045671266075	1.5937315544042745	BR00101080	C08	BR00101080	BR00101080	C08	vc	PAC_164	0	3
0.5238658457967762	-3.6669120878982615	BR00101080	C09	BR00101080	BR00101080	C09	SGBS	SGBS	0	3
10.468674520368673	-7.184983817927896	BR00101080	C10	BR00101080	BR00101080	C10	sc	hWAT	0	3
-2.926313308520907	2.356582344233189	BR00101080	C11	BR00101080	BR00101080	C11	hBAT	hBAT	0	3
3.8147237204492437	3.891793806380893	BR00101080	D02	BR00101080	BR00101080	D02	vc	PAC_261	0	3
-3.9785552790048633	-1.7066102865610555	BR00101080	D03	BR00101080	BR00101080	D03	sc	PAC_246	0	3
-1.2032157870660238	2.18490248128547	BR00101080	D04	BR00101080	BR00101080	D04	vc	PAC_246	0	3
-1.5402279973063626	3.341397484516262	BR00101080	D05	BR00101080	BR00101080	D05	sc	PAC_266	0	3
3.9607420320861144	3.9971709788447956	BR00101080	D06	BR00101080	BR00101080	D06	vc	PAC_266	0	3
-3.869282727281067	-1.4117029652308806	BR00101080	D07	BR00101080	BR00101080	D07	sc	PAC_164	0	3
-0.8636604094536076	1.5867175744008684	BR00101080	D08	BR00101080	BR00101080	D08	vc	PAC_164	0	3
-1.6072961979807627	-0.11258511419090789	BR00101080	D09	BR00101080	BR00101080	D09	SGBS	SGBS	0	3
10.42809465291457	-7.225574349707811	BR00101080	D10	BR00101080	BR00101080	D10	sc	hWAT	0	3
-2.8553331337454684	2.4185260062957057	BR00101080	D11	BR00101080	BR00101080	D11	hBAT	hBAT	0	3
4.592368317688006	4.348371716358431	BR00101080	E02	BR00101080	BR00101080	E02	vc	PAC_261	1	3
-4.0102684243377364	-2.226296559306221	BR00101080	E03	BR00101080	BR00101080	E03	sc	PAC_246	1	3
0.029287805519667476	1.6658205617386663	BR00101080	E04	BR00101080	BR00101080	E04	vc	PAC_246	1	3
-0.8491414987718606	3.2144335936327577	BR00101080	E05	BR00101080	BR00101080	E05	sc	PAC_266	1	3
4.2383846455004885	4.039653510276713	BR00101080	E06	BR00101080	BR00101080	E06	vc	PAC_266	1	3
-3.991140147803609	-2.329060201766171	BR00101080	E07	BR00101080	BR00101080	E07	sc	PAC_164	1	3
-0.09006529815164976	1.655744435847712	BR00101080	E08	BR00101080	BR00101080	E08	vc	PAC_164	1	3
5.486181334356379	6.65943046993435	BR00101080	E09	BR00101080	BR00101080	E09	SGBS	SGBS	1	3
10.380951516723316	-7.272780027863046	BR00101080	E10	BR00101080	BR00101080	E10	sc	hWAT	1	3
-3.155962078097204	2.0889726089501655	BR00101080	E11	BR00101080	BR00101080	E11	hBAT	hBAT	1	3
4.628620769160998	4.450882349005315	BR00101080	F02	BR00101080	BR00101080	F02	vc	PAC_261	1	3
-4.100754052751366	-2.408411221367419	BR00101080	F03	BR00101080	BR00101080	F03	sc	PAC_246	1	3
0.01123329696062969	1.7156074279313303	BR00101080	F04	BR00101080	BR00101080	F04	vc	PAC_246	1	3
-0.7364282613821969	3.0975972195803188	BR00101080	F05	BR00101080	BR00101080	F05	sc	PAC_266	1	3
4.426425550564151	4.18362159145836	BR00101080	F06	BR00101080	BR00101080	F06	vc	PAC_266	1	3
-4.125514446710097	-2.4082345715647513	BR00101080	F07	BR00101080	BR00101080	F07	sc	PAC_164	1	3
-0.14511852761403943	1.6290289245992473	BR00101080	F08	BR00101080	BR00101080	F08	vc	PAC_164	1	3
5.515115115936286	6.693902272625188	BR00101080	F09	BR00101080	BR00101080	F09	SGBS	SGBS	1	3
-5.4296234391022615	2.048706779804552	BR00101080	F10	BR00101080	BR00101080	F10	sc	hWAT	1	3
-3.1147107172202695	2.114788613461438	BR00101080	F11	BR00101080	BR00101080	F11	hBAT	hBAT	1	3
4.59553524142013	4.348410563789323	BR00101080	G02	BR00101080	BR00101080	G02	vc	PAC_261	1	3
-4.057286944389805	-2.3165184821632865	BR00101080	G03	BR00101080	BR00101080	G03	sc	PAC_246	1	3
0.09273855266164288	1.7834970673767385	BR00101080	G04	BR00101080	BR00101080	G04	vc	PAC_246	1	3
-0.9317192898830011	3.2042254544021973	BR00101080	G05	BR00101080	BR00101080	G05	sc	PAC_266	1	3
4.210896948486894	4.063542726117897	BR00101080	G06	BR00101080	BR00101080	G06	vc	PAC_266	1	3
-4.035983230722298	-2.3655734101250747	BR00101080	G07	BR00101080	BR00101080	G07	sc	PAC_164	1	3
0.24070272639235268	1.6331970501052595	BR00101080	G08	BR00101080	BR00101080	G08	vc	PAC_164	1	3
5.6272369804493465	6.789840702307108	BR00101080	G09	BR00101080	BR00101080	G09	SGBS	SGBS	1	3
10.29622996846389	-7.357617863278716	BR00101080	G10	BR00101080	BR00101080	G10	sc	hWAT	1	3
-3.081572927771666	1.9086113430287237	BR00101080	G11	BR00101080	BR00101080	G11	hBAT	hBAT	1	3
3.863801701439575	3.9422617553973143	BR00101081	B02	BR00101081	BR00101081	B02	vc	PAC_261	0	2
-4.006095533941702	-1.93612929180552	BR00101081	B03	BR00101081	BR00101081	B03	sc	PAC_246	0	2
-4.886171939771192	2.049664159351606	BR00101081	B04	BR00101081	BR00101081	B04	vc	PAC_246	0	2
-1.5818982236988521	3.2372468585342213	BR00101081	B05	BR00101081	BR00101081	B05	sc	PAC_266	0	2
3.103528871223814	3.761472191100603	BR00101081	B06	BR00101081	BR00101081	B06	vc	PAC_266	0	2
-3.7377217829469256	-1.096372030310517	BR00101081	B07	BR00101081	BR00101081	B07	sc	PAC_164	0	2
-0.9779405782383156	1.7105633145044203	BR00101081	B08	BR00101081	BR00101081	B08	vc	PAC_164	0	2
-1.6129569907200165	-0.11667691797988466	BR00101081	B09	BR00101081	BR00101081	B09	SGBS	SGBS	0	2
10.407746382982767	-7.244940298179935	BR00101081	B10	BR00101081	BR00101081	B10	sc	hWAT	0	2
-2.974046381874054	2.3453956386474166	BR00101081	B11	BR00101081	BR00101081	B11	hBAT	hBAT	0	2
3.847531237025778	3.966755695961948	BR00101081	C02	BR00101081	BR00101081	C02	vc	PAC_261	0	2
-3.9075811204505824	-1.6863800207770636	BR00101081	C03	BR00101081	BR00101081	C03	sc	PAC_246	0	2
-1.2074612469949637	2.1887203818918026	BR00101081	C04	BR00101081	BR00101081	C04	vc	PAC_246	0	2
-1.510088104007192	3.339564101379429	BR00101081	C05	BR00101081	BR00101081	C05	sc	PAC_266	0	2
3.8356606664755613	4.133408489408654	BR00101081	C06	BR00101081	BR00101081	C06	vc	PAC_266	0	2
-3.7139144818302965	-1.2586149460580194	BR00101081	C07	BR00101081	BR00101081	C07	sc	PAC_164	0	2
-0.9642739785990968	1.623917858386359	BR00101081	C08	BR00101081	BR00101081	C08	vc	PAC_164	0	2
-1.6082592783948961	-0.0630567939777068	BR00101081	C09	BR00101081	BR00101081	C09	SGBS	SGBS	0	2
10.42408180382324	-7.228679689334717	BR00101081	C10	BR00101081	BR00101081	C10	sc	hWAT	0	2
-3.6775917935368785	2.0552721608474998	BR00101081	C11	BR00101081	BR00101081	C11	hBAT	hBAT	0	2
3.8806580060917937	3.8246162146929055	BR00101081	D02	BR00101081	BR00101081	D02	vc	PAC_261	0	2
-3.9387459739226443	-1.8409632740230069	BR00101081	D03	BR00101081	BR00101081	D03	sc	PAC_246	0	2
-1.2908848041520495	2.267008616893644	BR00101081	D04	BR00101081	BR00101081	D04	vc	PAC_246	0	2
-1.464580592137373	3.263379566093545	BR00101081	D05	BR00101081	BR00101081	D05	sc	PAC_266	0	2
4.062925180044941	3.979867025045214	BR00101081	D06	BR00101081	BR00101081	D06	vc	PAC_266	0	2
-3.839555230738883	-1.3721710041218476	BR00101081	D07	BR00101081	BR00101081	D07	sc	PAC_164	0	2
-0.8613218961464112	1.6054364655017643	BR00101081	D08	BR00101081	BR00101081	D08	vc	PAC_164	0	2
-1.531305741221877	0.00419921484287511	BR00101081	D09	BR00101081	BR00101081	D09	SGBS	SGBS	0	2
10.354940454691066	-7.297115906725449	BR00101081	D10	BR00101081	BR00101081	D10	sc	hWAT	0	2
-2.9461817779097794	2.3817721790588773	BR00101081	D11	BR00101081	BR00101081	D11	hBAT	hBAT	0	2
4.630471431720231	4.259593178713553	BR00101081	E02	BR00101081	BR00101081	E02	vc	PAC_261	1	2
-4.004136306293335	-2.15109756500121	BR00101081	E03	BR00101081	BR00101081	E03	sc	PAC_246	1	2
-0.11758526068404396	1.8148244789839967	BR00101081	E04	BR00101081	BR00101081	E04	vc	PAC_246	1	2
-0.7144917245343586	3.138474270267509	BR00101081	E05	BR00101081	BR00101081	E05	sc	PAC_266	1	2
-8.182629676189862	2.6356796359168886	BR00101081	E06	BR00101081	BR00101081	E06	vc	PAC_266	1	2
-3.8742538920070335	-2.09005447090503	BR00101081	E07	BR00101081	BR00101081	E07	sc	PAC_164	1	2
-0.4879863623904416	1.6296414325798416	BR00101081	E08	BR00101081	BR00101081	E08	vc	PAC_164	1	2
5.49808027831002	6.685777393159708	BR00101081	E09	BR00101081	BR00101081	E09	SGBS	SGBS	1	2
10.25762303683548	-7.393597355085137	BR00101081	E10	BR00101081	BR00101081	E10	sc	hWAT	1	2
-3.3187694198743363	2.002379475542081	BR00101081	E11	BR00101081	BR00101081	E11	hBAT	hBAT	1	2
4.742223013474449	4.4198980705005315	BR00101081	F02	BR00101081	BR00101081	F02	vc	PAC_261	1	2
-4.091284140926541	-2.295037303947292	BR00101081	F03	BR00101081	BR00101081	F03	sc	PAC_246	1	2
-0.14242795377108264	1.9103502050772976	BR00101081	F04	BR00101081	BR00101081	F04	vc	PAC_246	1	2
-0.7639168728107602	3.225677953390252	BR00101081	F05	BR00101081	BR00101081	F05	sc	PAC_266	1	2
4.241070258421274	4.024728029536595	BR00101081	F06	BR00101081	BR00101081	F06	vc	PAC_266	1	2
-3.7940691410168017	-1.9498764939969528	BR00101081	F07	BR00101081	BR00101081	F07	sc	PAC_164	1	2
-0.40651275660078784	1.6974113394794932	BR00101081	F08	BR00101081	BR00101081	F08	vc	PAC_164	1	2
5.543150027145481	6.667223709218818	BR00101081	F09	BR00101081	BR00101081	F09	SGBS	SGBS	1	2
10.28950566911181	-7.363626449254018	BR00101081	F10	BR00101081	BR00101081	F10	sc	hWAT	1	2
-3.197523237223424	2.004862135817798	BR00101081	F11	BR00101081	BR00101081	F11	hBAT	hBAT	1	2
4.680321947437935	4.402943146666596	BR00101081	G02	BR00101081	BR00101081	G02	vc	PAC_261	1	2
-4.071308214233175	-2.2456604907929276	BR00101081	G03	BR00101081	BR00101081	G03	sc	PAC_246	1	2
-0.2264094990468058	1.9439061469757895	BR00101081	G04	BR00101081	BR00101081	G04	vc	PAC_246	1	2
-0.8008371270949449	3.1880111308470687	BR00101081	G05	BR00101081	BR00101081	G05	sc	PAC_266	1	2
4.239746503226437	3.9847140976159747	BR00101081	G06	BR00101081	BR00101081	G06	vc	PAC_266	1	2
-3.934337148572437	-2.0728646674033815	BR00101081	G07	BR00101081	BR00101081	G07	sc	PAC_164	1	2
-0.5127604609916477	1.6571258312204504	BR00101081	G08	BR00101081	BR00101081	G08	vc	PAC_164	1	2
5.558623448973517	6.672161842940911	BR00101081	G09	BR00101081	BR00101081	G09	SGBS	SGBS	1	2
10.366502504030633	-7.286048862754402	BR00101081	G10	BR00101081	BR00101081	G10	sc	hWAT	1	2
-3.515517947097369	2.077620340762208	BR00101081	G11	BR00101081	BR00101081	G11	hBAT	hBAT	1	2
2.3241861462128095	5.084061554770997	BR00101075	B02	BR00101075	BR00101075	B02	vc	PAC_261	0	15
0.30227089983079214	-11.031167875453113	BR00101075	B03	BR00101075	BR00101075	B03	sc	PAC_246	0	15
1.4127294850215342	-2.671694706818468	BR00101075	B04	BR00101075	BR00101075	B04	vc	PAC_246	0	15
-1.9148914965483426	4.654487797339727	BR00101075	B05	BR00101075	BR00101075	B05	sc	PAC_266	0	15
2.6425155713822677	5.5543650494072585	BR00101075	B06	BR00101075	BR00101075	B06	vc	PAC_266	0	15
-0.5279421584203265	-10.870989476470188	BR00101075	B07	BR00101075	BR00101075	B07	sc	PAC_164	0	15
1.4078203382032228	-2.703649245703991	BR00101075	B08	BR00101075	BR00101075	B08	vc	PAC_164	0	15
1.0182285358285614	-3.4315962385571983	BR00101075	B09	BR00101075	BR00101075	B09	SGBS	SGBS	0	15
1.468541366920343	4.4214782362928275	BR00101075	B10	BR00101075	BR00101075	B10	sc	hWAT	0	15
0.7137602535692029	-3.9822560621862313	BR00101075	B11	BR00101075	BR00101075	B11	hBAT	hBAT	0	15
2.379148031928448	5.258202812650399	BR00101075	C02	BR00101075	BR00101075	C02	vc	PAC_261	0	15
0.2962209286633324	-11.022957602980533	BR00101075	C03	BR00101075	BR00101075	C03	sc	PAC_246	0	15
1.2542995063837798	-2.4491473844649723	BR00101075	C04	BR00101075	BR00101075	C04	vc	PAC_246	0	15
-1.941867134989864	4.657529290332624	BR00101075	C05	BR00101075	BR00101075	C05	sc	PAC_266	0	15
2.6492978469799215	5.5662350956204	BR00101075	C06	BR00101075	BR00101075	C06	vc	PAC_266	0	15
0.18837218673740008	-11.091582725832723	BR00101075	C07	BR00101075	BR00101075	C07	sc	PAC_164	0	15
1.4327282340311114	-2.5120040353194835	BR00101075	C08	BR00101075	BR00101075	C08	vc	PAC_164	0	15
1.0617513107026508	-3.4574940076492675	BR00101075	C09	BR00101075	BR00101075	C09	SGBS	SGBS	0	15
1.3823169141757665	4.403492904381889	BR00101075	C10	BR00101075	BR00101075	C10	sc	hWAT	0	15
0.6833510426024043	-3.985644559415044	BR00101075	C11	BR00101075	BR00101075	C11	hBAT	hBAT	0	15
2.3304156723858207	5.0058690033338715	BR00101075	D02	BR00101075	BR00101075	D02	vc	PAC_261	0	15
0.3550111441129422	-10.996515492995009	BR00101075	D03	BR00101075	BR00101075	D03	sc	PAC_246	0	15
1.2120980049123213	-2.4946872725305282	BR00101075	D04	BR00101075	BR00101075	D04	vc	PAC_246	0	15
-1.9188794550490642	4.662906983504282	BR00101075	D05	BR00101075	BR00101075	D05	sc	PAC_266	0	15
2.6214294428496725	5.594322523452231	BR00101075	D06	BR00101075	BR00101075	D06	vc	PAC_266	0	15
0.2500307890208191	-11.001857162332449	BR00101075	D07	BR00101075	BR00101075	D07	sc	PAC_164	0	15
1.4535692930108701	-2.6787070325344464	BR00101075	D08	BR00101075	BR00101075	D08	vc	PAC_164	0	15
0.8612414667829071	-3.634994042802206	BR00101075	D09	BR00101075	BR00101075	D09	SGBS	SGBS	0	15
1.6744360338947515	4.4450950997478	BR00101075	D10	BR00101075	BR00101075	D10	sc	hWAT	0	15
0.7934893222038963	-3.9991524812400594	BR00101075	D11	BR00101075	BR00101075	D11	hBAT	hBAT	0	15
3.751142586531565	0.8427866412230746	BR00101075	E02	BR00101075	BR00101075	E02	vc	PAC_261	1	15
0.3950306644221495	-11.088616194599739	BR00101075	E03	BR00101075	BR00101075	E03	sc	PAC_246	1	15
3.579900069927143	0.9190764686319096	BR00101075	E04	BR00101075	BR00101075	E04	vc	PAC_246	1	15
-0.549258541042017	4.415293183649972	BR00101075	E05	BR00101075	BR00101075	E05	sc	PAC_266	1	15
2.93005157336428	-0.09949030635224121	BR00101075	E06	BR00101075	BR00101075	E06	vc	PAC_266	1	15
-0.5572842945796175	-10.861173232093314	BR00101075	E07	BR00101075	BR00101075	E07	sc	PAC_164	1	15
2.9737144280517507	0.8434777675794213	BR00101075	E08	BR00101075	BR00101075	E08	vc	PAC_164	1	15
0.21769248573202715	-11.003290697266037	BR00101075	E09	BR00101075	BR00101075	E09	SGBS	SGBS	1	15
3.6615442308304753	0.6955095972624984	BR00101075	E10	BR00101075	BR00101075	E10	sc	hWAT	1	15
1.3530574171521161	-0.2876076337429355	BR00101075	E11	BR00101075	BR00101075	E11	hBAT	hBAT	1	15
3.742441502724318	0.8330543488441872	BR00101075	F02	BR00101075	BR00101075	F02	vc	PAC_261	1	15
0.28777922698243674	-11.023083025532	BR00101075	F03	BR00101075	BR00101075	F03	sc	PAC_246	1	15
3.1833687016700627	1.0617311105442009	BR00101075	F04	BR00101075	BR00101075	F04	vc	PAC_246	1	15
-0.5216824892510145	4.355654413058922	BR00101075	F05	BR00101075	BR00101075	F05	sc	PAC_266	1	15
2.9308118630924844	-0.07322481658391311	BR00101075	F06	BR00101075	BR00101075	F06	vc	PAC_266	1	15
-1.219977064083334	-10.927997708199642	BR00101075	F07	BR00101075	BR00101075	F07	sc	PAC_164	1	15
3.0762590767790243	0.9105246252447033	BR00101075	F08	BR00101075	BR00101075	F08	vc	PAC_164	1	15
-0.09029353922988825	-11.00010697411805	BR00101075	F09	BR00101075	BR00101075	F09	SGBS	SGBS	1	15
3.556162146447997	0.9166278454984566	BR00101075	F10	BR00101075	BR00101075	F10	sc	hWAT	1	15
1.277323458252194	-0.35486038504836576	BR00101075	F11	BR00101075	BR00101075	F11	hBAT	hBAT	1	15
3.845801793142463	0.8350834037794502	BR00101075	G02	BR00101075	BR00101075	G02	vc	PAC_261	1	15
0.3543630739512327	-11.08332884348895	BR00101075	G03	BR00101075	BR00101075	G03	sc	PAC_246	1	15
3.496920217850058	1.0079478172117682	BR00101075	G04	BR00101075	BR00101075	G04	vc	PAC_246	1	15
-0.5510877414655826	4.396809316074829	BR00101075	G05	BR00101075	BR00101075	G05	sc	PAC_266	1	15
3.021113711945046	-0.05892464244876139	BR00101075	G06	BR00101075	BR00101075	G06	vc	PAC_266	1	15
-0.5031533463298131	-10.881609853855258	BR00101075	G07	BR00101075	BR00101075	G07	sc	PAC_164	1	15
3.010690516472378	0.7712442817301194	BR00101075	G08	BR00101075	BR00101075	G08	vc	PAC_164	1	15
-0.2210149742146994	-10.974243393607132	BR00101075	G09	BR00101075	BR00101075	G09	SGBS	SGBS	1	15
3.3285546957793337	0.9397987979943706	BR00101075	G10	BR00101075	BR00101075	G10	sc	hWAT	1	15
1.2584606785554324	-0.30024961661050376	BR00101075	G11	BR00101075	BR00101075	G11	hBAT	hBAT	1	15
2.6065621835957984	4.826953596466305	BR00101079	B02	BR00101079	BR00101079	B02	vc	PAC_261	0	7
-7.166142058798268	2.3470202037866637	BR00101079	B03	BR00101079	BR00101079	B03	sc	PAC_246	0	7
0.4537744573236693	-1.5093860648797828	BR00101079	B04	BR00101079	BR00101079	B04	vc	PAC_246	0	7
-1.7424936169728724	4.114808076032266	BR00101079	B05	BR00101079	BR00101079	B05	sc	PAC_266	0	7
2.8085919583469283	5.109369113254373	BR00101079	B06	BR00101079	BR00101079	B06	vc	PAC_266	0	7
-3.4754711967639347	-0.6077486449977351	BR00101079	B07	BR00101079	BR00101079	B07	sc	PAC_164	0	7
0.4885434318170425	-1.5001323921628829	BR00101079	B08	BR00101079	BR00101079	B08	vc	PAC_164	0	7
-4.987453622044901	2.020948334437558	BR00101079	B09	BR00101079	BR00101079	B09	SGBS	SGBS	0	7
0.7431883221210671	4.1886487967838715	BR00101079	B10	BR00101079	BR00101079	B10	sc	hWAT	0	7
0.34344850359744483	-1.3868823380750195	BR00101079	B11	BR00101079	BR00101079	B11	hBAT	hBAT	0	7
2.556771712641095	4.768167180245686	BR00101079	C02	BR00101079	BR00101079	C02	vc	PAC_261	0	7
-8.026556917721706	2.57578981560948	BR00101079	C03	BR00101079	BR00101079	C03	sc	PAC_246	0	7
0.5431792874511598	-1.529983732788689	BR00101079	C04	BR00101079	BR00101079	C04	vc	PAC_246	0	7
-1.8141163673823177	4.025902816607068	BR00101079	C05	BR00101079	BR00101079	C05	sc	PAC_266	0	7
2.924708279692125	5.286117375947489	BR00101079	C06	BR00101079	BR00101079	C06	vc	PAC_266	0	7
-3.3480167337333544	-0.47535561880667354	BR00101079	C07	BR00101079	BR00101079	C07	sc	PAC_164	0	7
0.48633720691449467	-1.4724310543525263	BR00101079	C08	BR00101079	BR00101079	C08	vc	PAC_164	0	7
-4.176818826788334	1.918494344402836	BR00101079	C09	BR00101079	BR00101079	C09	SGBS	SGBS	0	7
0.8308801601395746	4.259739689308896	BR00101079	C10	BR00101079	BR00101079	C10	sc	hWAT	0	7
0.3612237994245564	-1.3173020889860894	BR00101079	C11	BR00101079	BR00101079	C11	hBAT	hBAT	0	7
2.584657115570809	4.836234620776995	BR00101079	D02	BR00101079	BR00101079	D02	vc	PAC_261	0	7
-8.253547986262896	2.6279991188434617	BR00101079	D03	BR00101079	BR00101079	D03	sc	PAC_246	0	7
0.5274897767332136	-1.529864273446277	BR00101079	D04	BR00101079	BR00101079	D04	vc	PAC_246	0	7
-1.8373624357118257	4.1073404617753715	BR00101079	D05	BR00101079	BR00101079	D05	sc	PAC_266	0	7
2.862638856650836	5.12116819939935	BR00101079	D06	BR00101079	BR00101079	D06	vc	PAC_266	0	7
-3.3314719600958096	-0.49914289347839236	BR00101079	D07	BR00101079	BR00101079	D07	sc	PAC_164	0	7
0.4902702028980781	-1.5018219776920694	BR00101079	D08	BR00101079	BR00101079	D08	vc	PAC_164	0	7
-4.834478545095628	2.066331917318583	BR00101079	D09	BR00101079	BR00101079	D09	SGBS	SGBS	0	7
0.8207013306414517	4.274643708060697	BR00101079	D10	BR00101079	BR00101079	D10	sc	hWAT	0	7
0.3292490551012863	-1.377511629252701	BR00101079	D11	BR00101079	BR00101079	D11	hBAT	hBAT	0	7
2.6158062921300256	1.4736878681509489	BR00101079	E02	BR00101079	BR00101079	E02	vc	PAC_261	1	7
-8.314586188684544	2.636040878464592	BR00101079	E03	BR00101079	BR00101079	E03	sc	PAC_246	1	7
0.8363176055620585	1.9868172810928368	BR00101079	E04	BR00101079	BR00101079	E04	vc	PAC_246	1	7
-0.9403864022863297	3.810273764315911	BR00101079	E05	BR00101079	BR00101079	E05	sc	PAC_266	1	7
-5.025278395084593	2.0622845076001903	BR00101079	E06	BR00101079	BR00101079	E06	vc	PAC_266	1	7
-7.0058828396769695	2.3230039684859087	BR00101079	E07	BR00101079	BR00101079	E07	sc	PAC_164	1	7
0.9495527750660202	1.946574250854189	BR00101079	E08	BR00101079	BR00101079	E08	vc	PAC_164	1	7
-7.986285200063691	2.542433769702183	BR00101079	E09	BR00101079	BR00101079	E09	SGBS	SGBS	1	7
0.23406283744693301	4.416515961875928	BR00101079	E10	BR00101079	BR00101079	E10	sc	hWAT	1	7
0.5538635896070974	-1.0657063969642369	BR00101079	E11	BR00101079	BR00101079	E11	hBAT	hBAT	1	7
2.5800466603467043	1.540996519683667	BR00101079	F02	BR00101079	BR00101079	F02	vc	PAC_261	1	7
-8.461669513182558	2.554449033091356	BR00101079	F03	BR00101079	BR00101079	F03	sc	PAC_246	1	7
0.773980956855866	2.019681548988879	BR00101079	F04	BR00101079	BR00101079	F04	vc	PAC_246	1	7
-0.9935680378288245	3.804952187825155	BR00101079	F05	BR00101079	BR00101079	F05	sc	PAC_266	1	7
-5.51125054276077	2.0256262941566785	BR00101079	F06	BR00101079	BR00101079	F06	vc	PAC_266	1	7
-8.058014311419804	2.542009481919366	BR00101079	F07	BR00101079	BR00101079	F07	sc	PAC_164	1	7
1.1950113917274765	1.9062338953426115	BR00101079	F08	BR00101079	BR00101079	F08	vc	PAC_164	1	7
-8.1904549910665	2.6548964425711192	BR00101079	F09	BR00101079	BR00101079	F09	SGBS	SGBS	1	7
0.22574745395996376	4.401181637179592	BR00101079	F10	BR00101079	BR00101079	F10	sc	hWAT	1	7
0.4857703746438027	-1.137716738620777	BR00101079	F11	BR00101079	BR00101079	F11	hBAT	hBAT	1	7
2.616708425806273	1.5313641655509516	BR00101079	G02	BR00101079	BR00101079	G02	vc	PAC_261	1	7
-8.319939309579532	2.6142089294126336	BR00101079	G03	BR00101079	BR00101079	G03	sc	PAC_246	1	7
1.073880053161759	1.9495985165514806	BR00101079	G04	BR00101079	BR00101079	G04	vc	PAC_246	1	7
-1.0457293182300247	3.8813302113131622	BR00101079	G05	BR00101079	BR00101079	G05	sc	PAC_266	1	7
-6.286234640470278	2.0657252924948937	BR00101079	G06	BR00101079	BR00101079	G06	vc	PAC_266	1	7
-7.035070756139801	2.315363336753602	BR00101079	G07	BR00101079	BR00101079	G07	sc	PAC_164	1	7
1.1646535589640317	1.9424454928277832	BR00101079	G08	BR00101079	BR00101079	G08	vc	PAC_164	1	7
-8.21770811404915	2.664394096511919	BR00101079	G09	BR00101079	BR00101079	G09	SGBS	SGBS	1	7
0.17483749381157387	4.334139585056602	BR00101079	G10	BR00101079	BR00101079	G10	sc	hWAT	1	7
0.58437803195	-0.9774359003841588	BR00101079	G11	BR00101079	BR00101079	G11	hBAT	hBAT	1	7
2.2109016900672347	5.156304778303206	BR00101077	B02	BR00101077	BR00101077	B02	vc	PAC_261	0	14
-0.6929028683847582	-10.809650362650741	BR00101077	B03	BR00101077	BR00101077	B03	sc	PAC_246	0	14
1.2684118579088188	-2.4932205145567323	BR00101077	B04	BR00101077	BR00101077	B04	vc	PAC_246	0	14
-1.8913146999296542	4.588159841184112	BR00101077	B05	BR00101077	BR00101077	B05	sc	PAC_266	0	14
2.9292274899778357	5.47540832865539	BR00101077	B06	BR00101077	BR00101077	B06	vc	PAC_266	0	14
-1.0702399000322311	-10.878606973050351	BR00101077	B07	BR00101077	BR00101077	B07	sc	PAC_164	0	14
1.5970173662947258	-2.4980752201204655	BR00101077	B08	BR00101077	BR00101077	B08	vc	PAC_164	0	14
1.0042667984744438	-3.486123809465194	BR00101077	B09	BR00101077	BR00101077	B09	SGBS	SGBS	0	14
2.682043515291313	4.258100835782373	BR00101077	B10	BR00101077	BR00101077	B10	sc	hWAT	0	14
0.7692445870906943	-4.030829562237211	BR00101077	B11	BR00101077	BR00101077	B11	hBAT	hBAT	0	14
2.417109857198542	5.10811092650366	BR00101077	C02	BR00101077	BR00101077	C02	vc	PAC_261	0	14
-0.5385173399553673	-10.861062558424535	BR00101077	C03	BR00101077	BR00101077	C03	sc	PAC_246	0	14
1.2059843416823628	-2.6309267255640605	BR00101077	C04	BR00101077	BR00101077	C04	vc	PAC_246	0	14
-1.9040334730096438	4.624440898863871	BR00101077	C05	BR00101077	BR00101077	C05	sc	PAC_266	0	14
2.6519176382839023	5.506704887799238	BR00101077	C06	BR00101077	BR00101077	C06	vc	PAC_266	0	14
-1.0023830449518867	-10.967845832447349	BR00101077	C07	BR00101077	BR00101077	C07	sc	PAC_164	0	14
1.5364921662364148	-2.5361729018756667	BR00101077	C08	BR00101077	BR00101077	C08	vc	PAC_164	0	14
0.7665720702174468	-3.7413724639623194	BR00101077	C09	BR00101077	BR00101077	C09	SGBS	SGBS	0	14
1.0230447647786423	-3.7771275682545107	BR00101077	C11	BR00101077	BR00101077	C11	hBAT	hBAT	0	14
2.22542036015478	5.218897901701556	BR00101077	D02	BR00101077	BR00101077	D02	vc	PAC_261	0	14
-1.3080350033928867	-10.897505484316646	BR00101077	D03	BR00101077	BR00101077	D03	sc	PAC_246	0	14
1.3146219457952526	-2.55026741598429	BR00101077	D04	BR00101077	BR00101077	D04	vc	PAC_246	0	14
-1.8908056750450875	4.620211590529641	BR00101077	D05	BR00101077	BR00101077	D05	sc	PAC_266	0	14
2.8997575147732846	5.466703740642815	BR00101077	D06	BR00101077	BR00101077	D06	vc	PAC_266	0	14
-1.0436146580531436	-10.90784628421141	BR00101077	D07	BR00101077	BR00101077	D07	sc	PAC_164	0	14
1.217116020495256	-2.6698958597420233	BR00101077	D08	BR00101077	BR00101077	D08	vc	PAC_164	0	14
0.9031383934016242	-3.6952486548360906	BR00101077	D09	BR00101077	BR00101077	D09	SGBS	SGBS	0	14
2.9439991789310325	3.8047682971301975	BR00101077	D10	BR00101077	BR00101077	D10	sc	hWAT	0	14
0.7331323902237008	-4.038432423147051	BR00101077	D11	BR00101077	BR00101077	D11	hBAT	hBAT	0	14
3.7637376618752216	0.8618684834455713	BR00101077	E02	BR00101077	BR00101077	E02	vc	PAC_261	1	14
-0.653365010963754	-10.852891246699182	BR00101077	E03	BR00101077	BR00101077	E03	sc	PAC_246	1	14
3.2758586383382973	1.0706758113255872	BR00101077	E04	BR00101077	BR00101077	E04	vc	PAC_246	1	14
-0.5247508397157188	4.406281253707025	BR00101077	E05	BR00101077	BR00101077	E05	sc	PAC_266	1	14
2.835527616565478	-0.09994556365820317	BR00101077	E06	BR00101077	BR00101077	E06	vc	PAC_266	1	14
-1.563403549140312	-10.486833737614425	BR00101077	E07	BR00101077	BR00101077	E07	sc	PAC_164	1	14
2.7926731022135134	1.0350873688186386	BR00101077	E08	BR00101077	BR00101077	E08	vc	PAC_164	1	14
-1.3996317408769063	-10.642447564971244	BR00101077	E09	BR00101077	BR00101077	E09	SGBS	SGBS	1	14
1.2738189325810823	-0.3286029082838923	BR00101077	E11	BR00101077	BR00101077	E11	hBAT	hBAT	1	14
3.886329945550417	0.8628448671706369	BR00101077	F02	BR00101077	BR00101077	F02	vc	PAC_261	1	14
-0.9553819136802457	-10.767545277187102	BR00101077	F03	BR00101077	BR00101077	F03	sc	PAC_246	1	14
3.091894782010092	1.1297688770629657	BR00101077	F04	BR00101077	BR00101077	F04	vc	PAC_246	1	14
-0.5951626517542075	4.489378848636711	BR00101077	F05	BR00101077	BR00101077	F05	sc	PAC_266	1	14
2.8709318016020866	-0.07096620043428503	BR00101077	F06	BR00101077	BR00101077	F06	vc	PAC_266	1	14
-1.3487479172370829	-10.846884378290873	BR00101077	F07	BR00101077	BR00101077	F07	sc	PAC_164	1	14
2.896687798543751	0.9912664297795842	BR00101077	F08	BR00101077	BR00101077	F08	vc	PAC_164	1	14
-1.3630457310838868	-10.537833806813845	BR00101077	F09	BR00101077	BR00101077	F09	SGBS	SGBS	1	14
1.232545700130595	-0.3494811592663356	BR00101077	F11	BR00101077	BR00101077	F11	hBAT	hBAT	1	14
3.8193526721863367	0.8970871980669438	BR00101077	G02	BR00101077	BR00101077	G02	vc	PAC_261	1	14
-1.834642640951989	-9.943267328713551	BR00101077	G03	BR00101077	BR00101077	G03	sc	PAC_246	1	14
3.0393197396853533	1.1607109005272926	BR00101077	G04	BR00101077	BR00101077	G04	vc	PAC_246	1	14
-0.5383368820791286	4.4656968813131614	BR00101077	G05	BR00101077	BR00101077	G05	sc	PAC_266	1	14
2.8421003124414	-0.11549890412600838	BR00101077	G06	BR00101077	BR00101077	G06	vc	PAC_266	1	14
-1.4087707860718202	-10.822628202732044	BR00101077	G07	BR00101077	BR00101077	G07	sc	PAC_164	1	14
2.6353433070982253	1.0911421451728027	BR00101077	G08	BR00101077	BR00101077	G08	vc	PAC_164	1	14
-1.2648124884482663	-10.600461814305392	BR00101077	G09	BR00101077	BR00101077	G09	SGBS	SGBS	1	14
1.2478386113165287	-0.3316262424002188	BR00101077	G11	BR00101077	BR00101077	G11	hBAT	hBAT	1	14
-7.97170665683166	2.519245013431282	BR00101083	B02	BR00101083	BR00101083	B02	vc	PAC_261	0	0
-3.8274161633596435	-0.4196982298169056	BR00101083	B03	BR00101083	BR00101083	B03	sc	PAC_246	0	0
-1.357972986589799	2.3042830069319975	BR00101083	B04	BR00101083	BR00101083	B04	vc	PAC_246	0	0
-8.468020316499544	2.5382035853770946	BR00101083	B05	BR00101083	BR00101083	B05	sc	PAC_266	0	0
-7.601724396601675	2.4562504775017042	BR00101083	B06	BR00101083	BR00101083	B06	vc	PAC_266	0	0
-3.830356546653333	-0.4649469927985497	BR00101083	B07	BR00101083	BR00101083	B07	sc	PAC_164	0	0
-1.0842817052107452	1.934291741764945	BR00101083	B08	BR00101083	BR00101083	B08	vc	PAC_164	0	0
5.148912699092103	6.0879666838290545	BR00101083	B09	BR00101083	BR00101083	B09	SGBS	SGBS	0	0
5.198716008748429	6.181791081336606	BR00101083	B10	BR00101083	BR00101083	B10	sc	hWAT	0	0
-3.0190559423667924	2.321197061305623	BR00101083	B11	BR00101083	BR00101083	B11	hBAT	hBAT	0	0
-8.53887935868154	2.5034815706982156	BR00101083	C02	BR00101083	BR00101083	C02	vc	PAC_261	0	0
-3.7286970280191403	-1.6728566088874444	BR00101083	C03	BR00101083	BR00101083	C03	sc	PAC_246	0	0
-0.8989345374462698	2.1824639387227536	BR00101083	C04	BR00101083	BR00101083	C04	vc	PAC_246	0	0
-6.840423552866053	2.23457914591566	BR00101083	C05	BR00101083	BR00101083	C05	sc	PAC_266	0	0
-5.509146280002588	2.053485984203681	BR00101083	C06	BR00101083	BR00101083	C06	vc	PAC_266	0	0
-3.931706938648961	-1.0219803222780108	BR00101083	C07	BR00101083	BR00101083	C07	sc	PAC_164	0	0
-4.440835071492577	1.981496717616022	BR00101083	C08	BR00101083	BR00101083	C08	vc	PAC_164	0	0
5.331466284903925	6.260724954318493	BR00101083	C09	BR00101083	BR00101083	C09	SGBS	SGBS	0	0
5.212700679861161	6.106573683508656	BR00101083	C10	BR00101083	BR00101083	C10	sc	hWAT	0	0
-4.06227109610384	1.9563480029475646	BR00101083	C11	BR00101083	BR00101083	C11	hBAT	hBAT	0	0
4.107635502322488	3.9726332873439616	BR00101083	D02	BR00101083	BR00101083	D02	vc	PAC_261	0	0
-3.742811220262846	-1.6928811998520192	BR00101083	D03	BR00101083	BR00101083	D03	sc	PAC_246	0	0
-0.7070576166945649	2.09350542184733	BR00101083	D04	BR00101083	BR00101083	D04	vc	PAC_246	0	0
-6.924673780807883	2.271564687532889	BR00101083	D05	BR00101083	BR00101083	D05	sc	PAC_266	0	0
-4.332449879622768	1.9643492572871648	BR00101083	D06	BR00101083	BR00101083	D06	vc	PAC_266	0	0
-3.813704876116195	-1.1289118319600724	BR00101083	D07	BR00101083	BR00101083	D07	sc	PAC_164	0	0
-0.8908224417391473	1.6426195725861468	BR00101083	D08	BR00101083	BR00101083	D08	vc	PAC_164	0	0
5.360420829902328	6.303355872772614	BR00101083	D09	BR00101083	BR00101083	D09	SGBS	SGBS	0	0
5.185345943857861	6.173042988136682	BR00101083	D10	BR00101083	BR00101083	D10	sc	hWAT	0	0
-4.9472631756658725	2.0504159930344374	BR00101083	D11	BR00101083	BR00101083	D11	hBAT	hBAT	0	0
-4.7794229300163185	2.0197596964151083	BR00101083	E02	BR00101083	BR00101083	E02	vc	PAC_261	1	0
-4.281945644238435	1.9136881107586383	BR00101083	E03	BR00101083	BR00101083	E03	sc	PAC_246	1	0
-1.338194975291171	2.352003893553006	BR00101083	E04	BR00101083	BR00101083	E04	vc	PAC_246	1	0
-1.4219218893237535	2.9021520592343983	BR00101083	E05	BR00101083	BR00101083	E05	sc	PAC_266	1	0
-5.495894055050345	2.0467887685125277	BR00101083	E06	BR00101083	BR00101083	E06	vc	PAC_266	1	0
-3.8114249691805506	-0.4784900318903581	BR00101083	E07	BR00101083	BR00101083	E07	sc	PAC_164	1	0
-4.116567508946119	1.863074490058655	BR00101083	E08	BR00101083	BR00101083	E08	vc	PAC_164	1	0
5.274873489230226	6.199935354694829	BR00101083	E09	BR00101083	BR00101083	E09	SGBS	SGBS	1	0
5.249293490666718	6.184298162653175	BR00101083	E10	BR00101083	BR00101083	E10	sc	hWAT	1	0
-3.0184424792561115	2.4567075181693445	BR00101083	E11	BR00101083	BR00101083	E11	hBAT	hBAT	1	0
3.678979165258187	4.1630492867821784	BR00101083	F02	BR00101083	BR00101083	F02	vc	PAC_261	1	0
-3.716277793283304	-1.6365928428791139	BR00101083	F03	BR00101083	BR00101083	F03	sc	PAC_246	1	0
-1.2735262398758578	2.422636107660167	BR00101083	F04	BR00101083	BR00101083	F04	vc	PAC_246	1	0
3.0818902559551553	3.662574410363883	BR00101083	F05	BR00101083	BR00101083	F05	sc	PAC_266	1	0
-3.669051190810129	2.0145093002739025	BR00101083	F06	BR00101083	BR00101083	F06	vc	PAC_266	1	0
-3.7980923281462884	-0.5608502842713314	BR00101083	F07	BR00101083	BR00101083	F07	sc	PAC_164	1	0
-1.0629422052033661	1.7053440274579383	BR00101083	F08	BR00101083	BR00101083	F08	vc	PAC_164	1	0
5.308482113275135	6.209855823174608	BR00101083	F09	BR00101083	BR00101083	F09	SGBS	SGBS	1	0
5.317578335119878	6.258215290726617	BR00101083	F10	BR00101083	BR00101083	F10	sc	hWAT	1	0
-3.2910882265680494	2.2467174828194425	BR00101083	F11	BR00101083	BR00101083	F11	hBAT	hBAT	1	0
3.0314428073117856	3.8847749606524133	BR00101083	G02	BR00101083	BR00101083	G02	vc	PAC_261	1	0
-3.8143527227039917	-0.539487681090959	BR00101083	G03	BR00101083	BR00101083	G03	sc	PAC_246	1	0
-1.3390899357261126	2.299358199093564	BR00101083	G04	BR00101083	BR00101083	G04	vc	PAC_246	1	0
-8.465702383600732	2.5639505376118144	BR00101083	G05	BR00101083	BR00101083	G05	sc	PAC_266	1	0
-4.340021067054936	1.9837526245045987	BR00101083	G06	BR00101083	BR00101083	G06	vc	PAC_266	1	0
-3.821565051862559	-0.9285114832923427	BR00101083	G07	BR00101083	BR00101083	G07	sc	PAC_164	1	0
-1.3878128183598117	1.3932616248504206	BR00101083	G08	BR00101083	BR00101083	G08	vc	PAC_164	1	0
-1.539651365464221	0.02034780732650876	BR00101083	G09	BR00101083	BR00101083	G09	SGBS	SGBS	1	0
5.148006916258131	6.1045368977990835	BR00101083	G10	BR00101083	BR00101083	G10	sc	hWAT	1	0
-3.913717218860539	1.9479778678635755	BR00101083	G11	BR00101083	BR00101083	G11	hBAT	hBAT	1	0
3.0589336320309366	4.124671301034214	BR00101082	B02	BR00101082	BR00101082	B02	vc	PAC_261	0	1
-3.814873356132318	-0.540696662869707	BR00101082	B03	BR00101082	BR00101082	B03	sc	PAC_246	0	1
-1.3956882705405962	2.312141621532409	BR00101082	B04	BR00101082	BR00101082	B04	vc	PAC_246	0	1
-4.089067787796589	1.9098138721663376	BR00101082	B05	BR00101082	BR00101082	B05	sc	PAC_266	0	1
-6.051534422454068	2.0503124399946993	BR00101082	B06	BR00101082	BR00101082	B06	vc	PAC_266	0	1
-3.763051392041704	-0.5652980330393811	BR00101082	B07	BR00101082	BR00101082	B07	sc	PAC_164	0	1
-1.0216752394789708	1.4054074247472328	BR00101082	B08	BR00101082	BR00101082	B08	vc	PAC_164	0	1
-1.6164673418036002	-3.382608570923207e-5	BR00101082	B09	BR00101082	BR00101082	B09	SGBS	SGBS	0	1
10.411842344782121	-7.238072125428698	BR00101082	B10	BR00101082	BR00101082	B10	sc	hWAT	0	1
-8.031320477123819	2.547800619683826	BR00101082	B11	BR00101082	BR00101082	B11	hBAT	hBAT	0	1
-6.426874856254873	2.1011410934029295	BR00101082	C02	BR00101082	BR00101082	C02	vc	PAC_261	0	1
-3.7274265920007106	-0.6861313728417311	BR00101082	C03	BR00101082	BR00101082	C03	sc	PAC_246	0	1
-1.3097582246365014	2.2909229824455655	BR00101082	C04	BR00101082	BR00101082	C04	vc	PAC_246	0	1
-4.801386954108551	2.060682654510591	BR00101082	C05	BR00101082	BR00101082	C05	sc	PAC_266	0	1
-6.4283594376266215	2.1103425680418484	BR00101082	C06	BR00101082	BR00101082	C06	vc	PAC_266	0	1
-3.6699670549963685	-0.8280721204229424	BR00101082	C07	BR00101082	BR00101082	C07	sc	PAC_164	0	1
-0.9719705761328866	1.4932601583968954	BR00101082	C08	BR00101082	BR00101082	C08	vc	PAC_164	0	1
-1.715433476442539	-0.1853716333816463	BR00101082	C09	BR00101082	BR00101082	C09	SGBS	SGBS	0	1
10.427874954814525	-7.224287718172677	BR00101082	C10	BR00101082	BR00101082	C10	sc	hWAT	0	1
-3.1914049820236867	2.1070890293134825	BR00101082	C11	BR00101082	BR00101082	C11	hBAT	hBAT	0	1
3.264149639804708	4.046700061668271	BR00101082	D02	BR00101082	BR00101082	D02	vc	PAC_261	0	1
0.2728875058117052	-1.4014477109147503	BR00101082	D03	BR00101082	BR00101082	D03	sc	PAC_246	0	1
-1.2797555906268576	2.3759643717316425	BR00101082	D04	BR00101082	BR00101082	D04	vc	PAC_246	0	1
-6.280260727681187	2.074478369216099	BR00101082	D05	BR00101082	BR00101082	D05	sc	PAC_266	0	1
3.5420239605400456	4.286000576834594	BR00101082	D06	BR00101082	BR00101082	D06	vc	PAC_266	0	1
-3.6085817791940658	-1.1733929262972802	BR00101082	D07	BR00101082	BR00101082	D07	sc	PAC_164	0	1
-1.0531270089910236	1.3746093688294265	BR00101082	D08	BR00101082	BR00101082	D08	vc	PAC_164	0	1
5.418321823167258	6.552871480336245	BR00101082	D09	BR00101082	BR00101082	D09	SGBS	SGBS	0	1
10.543948971643784	-7.108990252343595	BR00101082	D10	BR00101082	BR00101082	D10	sc	hWAT	0	1
-2.906973491375858	2.4528966988016427	BR00101082	D11	BR00101082	BR00101082	D11	hBAT	hBAT	0	1
-8.52518627099654	2.526115989828637	BR00101082	E02	BR00101082	BR00101082	E02	vc	PAC_261	1	1
-3.754432704386197	-1.7598897888237772	BR00101082	E03	BR00101082	BR00101082	E03	sc	PAC_246	1	1
-0.4830851580790372	2.0038581251370067	BR00101082	E04	BR00101082	BR00101082	E04	vc	PAC_246	1	1
-8.500905633669944	2.523914763377138	BR00101082	E05	BR00101082	BR00101082	E05	sc	PAC_266	1	1
-6.852808169126568	2.2460468050124875	BR00101082	E06	BR00101082	BR00101082	E06	vc	PAC_266	1	1
-3.589520096756069	-1.288109855223306	BR00101082	E07	BR00101082	BR00101082	E07	sc	PAC_164	1	1
-0.566911305960035	1.54034178677193	BR00101082	E08	BR00101082	BR00101082	E08	vc	PAC_164	1	1
5.6064928058076635	6.445118164465177	BR00101082	E09	BR00101082	BR00101082	E09	SGBS	SGBS	1	1
10.279300846246567	-7.371444221104873	BR00101082	E10	BR00101082	BR00101082	E10	sc	hWAT	1	1
-3.508708758454305	2.0097609824406724	BR00101082	E11	BR00101082	BR00101082	E11	hBAT	hBAT	1	1
4.18703236975821	4.045152535690249	BR00101082	F02	BR00101082	BR00101082	F02	vc	PAC_261	1	1
-3.7451024964121857	-1.713590242657749	BR00101082	F03	BR00101082	BR00101082	F03	sc	PAC_246	1	1
-0.39575665554714834	1.9904024108412637	BR00101082	F04	BR00101082	BR00101082	F04	vc	PAC_246	1	1
2.9142877868800197	3.86569340284326	BR00101082	F05	BR00101082	BR00101082	F05	sc	PAC_266	1	1
4.238611167582885	3.935816408488052	BR00101082	F06	BR00101082	BR00101082	F06	vc	PAC_266	1	1
-3.6400370073895822	-1.4066360670678733	BR00101082	F07	BR00101082	BR00101082	F07	sc	PAC_164	1	1
-0.765730311821133	1.4509092355542101	BR00101082	F08	BR00101082	BR00101082	F08	vc	PAC_164	1	1
5.541988572817379	6.623419912811561	BR00101082	F09	BR00101082	BR00101082	F09	SGBS	SGBS	1	1
10.308570658756091	-7.342736919121706	BR00101082	F10	BR00101082	BR00101082	F10	sc	hWAT	1	1
-6.993946130101495	2.3249328580448827	BR00101082	F11	BR00101082	BR00101082	F11	hBAT	hBAT	1	1
4.073805872701309	3.9990586926350775	BR00101082	G02	BR00101082	BR00101082	G02	vc	PAC_261	1	1
-3.7349926470096273	-1.7740532568535112	BR00101082	G03	BR00101082	BR00101082	G03	sc	PAC_246	1	1
-5.036010126239972	2.015732649862931	BR00101082	G04	BR00101082	BR00101082	G04	vc	PAC_246	1	1
-6.165063558719293	2.0471009268084672	BR00101082	G05	BR00101082	BR00101082	G05	sc	PAC_266	1	1
4.145093858872023	3.9615015434310723	BR00101082	G06	BR00101082	BR00101082	G06	vc	PAC_266	1	1
-3.4954850099814743	-1.1396070484317629	BR00101082	G07	BR00101082	BR00101082	G07	sc	PAC_164	1	1
-0.5525709079957121	1.5751334090316322	BR00101082	G08	BR00101082	BR00101082	G08	vc	PAC_164	1	1
-5.81135482039053	2.052959110799907	BR00101082	G09	BR00101082	BR00101082	G09	SGBS	SGBS	1	1
10.147332860280686	-7.501677926394588	BR00101082	G10	BR00101082	BR00101082	G10	sc	hWAT	1	1
-3.773959171955691	1.9783673041469498	BR00101082	G11	BR00101082	BR00101082	G11	hBAT	hBAT	1	1
2.288894870742389	5.098554362507823	BR00101076	B02	BR00101076	BR00101076	B02	vc	PAC_261	0	15+iso
-1.9331629265129808	-9.801955117395046	BR00101076	B03	BR00101076	BR00101076	B03	sc	PAC_246	0	15+iso
1.5476933978562664	-2.721908396001673	BR00101076	B04	BR00101076	BR00101076	B04	vc	PAC_246	0	15+iso
-1.9322456020480776	4.684704058681709	BR00101076	B05	BR00101076	BR00101076	B05	sc	PAC_266	0	15+iso
2.802376065593147	5.597319601661649	BR00101076	B06	BR00101076	BR00101076	B06	vc	PAC_266	0	15+iso
-1.851722272643621	-9.582665161002119	BR00101076	B07	BR00101076	BR00101076	B07	sc	PAC_164	0	15+iso
1.4335295736697753	-2.6506251927048976	BR00101076	B08	BR00101076	BR00101076	B08	vc	PAC_164	0	15+iso
1.0913226051584346	-3.4971909764502134	BR00101076	B09	BR00101076	BR00101076	B09	SGBS	SGBS	0	15+iso
0.8661369327291681	-3.997440448266538	BR00101076	B11	BR00101076	BR00101076	B11	hBAT	hBAT	0	15+iso
2.1979592022770134	5.201838295335683	BR00101076	C02	BR00101076	BR00101076	C02	vc	PAC_261	0	15+iso
-1.7899083085496756	-9.601759329489697	BR00101076	C03	BR00101076	BR00101076	C03	sc	PAC_246	0	15+iso
1.5656655120423162	-2.674941932465029	BR00101076	C04	BR00101076	BR00101076	C04	vc	PAC_246	0	15+iso
-1.8538906979248198	4.5959425558639975	BR00101076	C05	BR00101076	BR00101076	C05	sc	PAC_266	0	15+iso
2.872201442366629	5.406398834388701	BR00101076	C06	BR00101076	BR00101076	C06	vc	PAC_266	0	15+iso
-1.8552178638752752	-9.62357059433989	BR00101076	C07	BR00101076	BR00101076	C07	sc	PAC_164	0	15+iso
1.3947541497592093	-2.6952550997557956	BR00101076	C08	BR00101076	BR00101076	C08	vc	PAC_164	0	15+iso
0.8900128871050574	-3.661708630905508	BR00101076	C09	BR00101076	BR00101076	C09	SGBS	SGBS	0	15+iso
0.7615283461626723	-4.1198674151355865	BR00101076	C11	BR00101076	BR00101076	C11	hBAT	hBAT	0	15+iso
2.2794830924551754	5.159110396405567	BR00101076	D02	BR00101076	BR00101076	D02	vc	PAC_261	0	15+iso
-1.7569282480889168	-9.646258510499127	BR00101076	D03	BR00101076	BR00101076	D03	sc	PAC_246	0	15+iso
1.6291279801833367	-2.8013127975509997	BR00101076	D04	BR00101076	BR00101076	D04	vc	PAC_246	0	15+iso
-1.7430062940358868	4.823915184536355	BR00101076	D05	BR00101076	BR00101076	D05	sc	PAC_266	0	15+iso
2.841245273086226	5.390484725387512	BR00101076	D06	BR00101076	BR00101076	D06	vc	PAC_266	0	15+iso
-1.8121044724129753	-9.695590618451439	BR00101076	D07	BR00101076	BR00101076	D07	sc	PAC_164	0	15+iso
1.3591909884918523	-2.571229049027053	BR00101076	D08	BR00101076	BR00101076	D08	vc	PAC_164	0	15+iso
0.938209500573461	-3.6197683489966557	BR00101076	D09	BR00101076	BR00101076	D09	SGBS	SGBS	0	15+iso
0.8923129772014893	-3.955542869640793	BR00101076	D11	BR00101076	BR00101076	D11	hBAT	hBAT	0	15+iso
3.8232772682730913	0.8712619887663126	BR00101076	E02	BR00101076	BR00101076	E02	vc	PAC_261	1	15+iso
-1.8343432628715404	-9.809016739039466	BR00101076	E03	BR00101076	BR00101076	E03	sc	PAC_246	1	15+iso
3.2438420828868613	1.0124492711401145	BR00101076	E04	BR00101076	BR00101076	E04	vc	PAC_246	1	15+iso
-0.4197597634938332	4.335093659549374	BR00101076	E05	BR00101076	BR00101076	E05	sc	PAC_266	1	15+iso
2.849135947691609	-0.058535762721520834	BR00101076	E06	BR00101076	BR00101076	E06	vc	PAC_266	1	15+iso
-1.8384876931524128	-9.68064692880692	BR00101076	E07	BR00101076	BR00101076	E07	sc	PAC_164	1	15+iso
2.9234877594738635	0.9320408056901027	BR00101076	E08	BR00101076	BR00101076	E08	vc	PAC_164	1	15+iso
2.258875064361553	-0.6924314079725634	BR00101076	E09	BR00101076	BR00101076	E09	SGBS	SGBS	1	15+iso
1.3350770980584588	-0.38313738909161005	BR00101076	E11	BR00101076	BR00101076	E11	hBAT	hBAT	1	15+iso
3.8694467203281673	0.9145915346372037	BR00101076	F02	BR00101076	BR00101076	F02	vc	PAC_261	1	15+iso
-1.7935043332088139	-9.8339652392745	BR00101076	F03	BR00101076	BR00101076	F03	sc	PAC_246	1	15+iso
3.3948840411153065	1.060498436014886	BR00101076	F04	BR00101076	BR00101076	F04	vc	PAC_246	1	15+iso
-0.4844430923553139	4.411406597309553	BR00101076	F05	BR00101076	BR00101076	F05	sc	PAC_266	1	15+iso
2.874340959423182	0.06665672102488007	BR00101076	F06	BR00101076	BR00101076	F06	vc	PAC_266	1	15+iso
-1.8684854580662758	-9.722920575268036	BR00101076	F07	BR00101076	BR00101076	F07	sc	PAC_164	1	15+iso
2.8596844102375356	1.0205897841071407	BR00101076	F08	BR00101076	BR00101076	F08	vc	PAC_164	1	15+iso
2.2467639609293966	-0.6669222361554544	BR00101076	F09	BR00101076	BR00101076	F09	SGBS	SGBS	1	15+iso
1.7890992984251826	-0.39298445248325137	BR00101076	F11	BR00101076	BR00101076	F11	hBAT	hBAT	1	15+iso
3.919852549739374	0.8806782042084352	BR00101076	G02	BR00101076	BR00101076	G02	vc	PAC_261	1	15+iso
-1.874914844431571	-9.689666621303198	BR00101076	G03	BR00101076	BR00101076	G03	sc	PAC_246	1	15+iso
3.2679301226106574	1.0933160907890844	BR00101076	G04	BR00101076	BR00101076	G04	vc	PAC_246	1	15+iso
-0.43580093589334284	4.479530092907007	BR00101076	G05	BR00101076	BR00101076	G05	sc	PAC_266	1	15+iso
2.848877454845412	0.027129549376067597	BR00101076	G06	BR00101076	BR00101076	G06	vc	PAC_266	1	15+iso
-1.8605486861855838	-9.663196711187632	BR00101076	G07	BR00101076	BR00101076	G07	sc	PAC_164	1	15+iso
2.8319105389815964	0.9386270543182865	BR00101076	G08	BR00101076	BR00101076	G08	vc	PAC_164	1	15+iso
2.1843704080356283	-0.55870190113972	BR00101076	G09	BR00101076	BR00101076	G09	SGBS	SGBS	1	15+iso
1.4833045041032271	-0.3958347570385602	BR00101076	G11	BR00101076	BR00101076	G11	hBAT	hBAT	1	15+iso
2.539361896962757	5.031775641623265	BR00101078	B02	BR00101078	BR00101078	B02	vc	PAC_261	0	10
-1.1009786605404273	-11.029188901708586	BR00101078	B03	BR00101078	BR00101078	B03	sc	PAC_246	0	10
1.030499546800114	-2.194715231928863	BR00101078	B04	BR00101078	BR00101078	B04	vc	PAC_246	0	10
-1.7618311347227713	4.228001976904223	BR00101078	B05	BR00101078	BR00101078	B05	sc	PAC_266	0	10
2.936735595139401	5.408886796347732	BR00101078	B06	BR00101078	BR00101078	B06	vc	PAC_266	0	10
-1.3006564523145034	-11.081446185608561	BR00101078	B07	BR00101078	BR00101078	B07	sc	PAC_164	0	10
0.9764752165551398	-2.3107695769795367	BR00101078	B08	BR00101078	BR00101078	B08	vc	PAC_164	0	10
0.7438958212875835	-3.700174566946939	BR00101078	B09	BR00101078	BR00101078	B09	SGBS	SGBS	0	10
1.0665302391281217	4.35641954260151	BR00101078	B10	BR00101078	BR00101078	B10	sc	hWAT	0	10
0.7523658064057708	-3.7448075618541226	BR00101078	B11	BR00101078	BR00101078	B11	hBAT	hBAT	0	10
2.5562690197778632	4.9640415456696365	BR00101078	C02	BR00101078	BR00101078	C02	vc	PAC_261	0	10
-0.41050867191642765	-10.942707072427634	BR00101078	C03	BR00101078	BR00101078	C03	sc	PAC_246	0	10
1.0236843521141685	-2.2064697790347103	BR00101078	C04	BR00101078	BR00101078	C04	vc	PAC_246	0	10
-1.713816499700509	4.400411671273803	BR00101078	C05	BR00101078	BR00101078	C05	sc	PAC_266	0	10
2.8817039758224334	5.34664020294969	BR00101078	C06	BR00101078	BR00101078	C06	vc	PAC_266	0	10
-1.3522461689315466	-11.08569079017918	BR00101078	C07	BR00101078	BR00101078	C07	sc	PAC_164	0	10
1.0468191517361698	-2.234081190195286	BR00101078	C08	BR00101078	BR00101078	C08	vc	PAC_164	0	10
0.6921378976137633	-3.7503321730077928	BR00101078	C09	BR00101078	BR00101078	C09	SGBS	SGBS	0	10
1.035060491197849	4.3312320222648735	BR00101078	C10	BR00101078	BR00101078	C10	sc	hWAT	0	10
0.8989759986528774	-3.6199488566476674	BR00101078	C11	BR00101078	BR00101078	C11	hBAT	hBAT	0	10
2.6775406834566984	4.976988364829357	BR00101078	D02	BR00101078	BR00101078	D02	vc	PAC_261	0	10
-0.22577506131333291	-10.964443833072668	BR00101078	D03	BR00101078	BR00101078	D03	sc	PAC_246	0	10
1.0306578918011235	-2.202041166049236	BR00101078	D04	BR00101078	BR00101078	D04	vc	PAC_246	0	10
-1.6932624209359015	4.316096124459681	BR00101078	D05	BR00101078	BR00101078	D05	sc	PAC_266	0	10
2.945349697237579	5.424617361024192	BR00101078	D06	BR00101078	BR00101078	D06	vc	PAC_266	0	10
-1.2122814311409198	-11.113235953303299	BR00101078	D07	BR00101078	BR00101078	D07	sc	PAC_164	0	10
1.0823512564680207	-2.2639924619352425	BR00101078	D08	BR00101078	BR00101078	D08	vc	PAC_164	0	10
0.6725626692849347	-3.9682696979341636	BR00101078	D09	BR00101078	BR00101078	D09	SGBS	SGBS	0	10
1.0020783300253402	4.314894648522387	BR00101078	D10	BR00101078	BR00101078	D10	sc	hWAT	0	10
0.9996651120698068	-3.3728235896695002	BR00101078	D11	BR00101078	BR00101078	D11	hBAT	hBAT	0	10
2.640404123793277	1.470620734392945	BR00101078	E02	BR00101078	BR00101078	E02	vc	PAC_261	1	10
-0.3378040547896603	-10.948906290999863	BR00101078	E03	BR00101078	BR00101078	E03	sc	PAC_246	1	10
1.1613211357439757	1.8776779116551277	BR00101078	E04	BR00101078	BR00101078	E04	vc	PAC_246	1	10
-0.9740159068543979	4.0637297080778465	BR00101078	E05	BR00101078	BR00101078	E05	sc	PAC_266	1	10
1.5965511764058768	1.7927127273805592	BR00101078	E06	BR00101078	BR00101078	E06	vc	PAC_266	1	10
-0.6705749153270147	-10.949762449181598	BR00101078	E07	BR00101078	BR00101078	E07	sc	PAC_164	1	10
1.2656335229845725	1.8638692937273955	BR00101078	E08	BR00101078	BR00101078	E08	vc	PAC_164	1	10
-0.9159833725685571	-10.819262023590024	BR00101078	E09	BR00101078	BR00101078	E09	SGBS	SGBS	1	10
0.15673862261126814	4.480745038078333	BR00101078	E10	BR00101078	BR00101078	E10	sc	hWAT	1	10
0.8058006063583669	-0.5914434679356493	BR00101078	E11	BR00101078	BR00101078	E11	hBAT	hBAT	1	10
2.6769743947322784	1.4551433470764414	BR00101078	F02	BR00101078	BR00101078	F02	vc	PAC_261	1	10
-1.4127906986161873	-11.015546021104962	BR00101078	F03	BR00101078	BR00101078	F03	sc	PAC_246	1	10
1.2400792941517906	1.7998814111764982	BR00101078	F04	BR00101078	BR00101078	F04	vc	PAC_246	1	10
-0.748117608730635	4.282806208571041	BR00101078	F05	BR00101078	BR00101078	F05	sc	PAC_266	1	10
1.6118489655566801	1.7720977574412196	BR00101078	F06	BR00101078	BR00101078	F06	vc	PAC_266	1	10
-1.4525083274431339	-11.031422856472147	BR00101078	F07	BR00101078	BR00101078	F07	sc	PAC_164	1	10
1.27699444712524	1.8811543002183724	BR00101078	F08	BR00101078	BR00101078	F08	vc	PAC_164	1	10
-1.1176230173121173	-10.760851080198208	BR00101078	F09	BR00101078	BR00101078	F09	SGBS	SGBS	1	10
0.10405405499754816	4.504188595236362	BR00101078	F10	BR00101078	BR00101078	F10	sc	hWAT	1	10
0.8511858200639448	-0.5134289817362687	BR00101078	F11	BR00101078	BR00101078	F11	hBAT	hBAT	1	10
2.698106751510776	1.4332463354988336	BR00101078	G02	BR00101078	BR00101078	G02	vc	PAC_261	1	10
-1.0068198404264135	-11.182758590923902	BR00101078	G03	BR00101078	BR00101078	G03	sc	PAC_246	1	10
1.0583888962157157	1.9394179772899904	BR00101078	G04	BR00101078	BR00101078	G04	vc	PAC_246	1	10
-0.9047234700581643	4.173753578937097	BR00101078	G05	BR00101078	BR00101078	G05	sc	PAC_266	1	10
1.610943179874659	1.760068531638642	BR00101078	G06	BR00101078	BR00101078	G06	vc	PAC_266	1	10
-1.2801306765461955	-11.074400589691285	BR00101078	G07	BR00101078	BR00101078	G07	sc	PAC_164	1	10
1.3297212876800528	1.9093372153286898	BR00101078	G08	BR00101078	BR00101078	G08	vc	PAC_164	1	10
-0.9115633858620962	-10.726597333494302	BR00101078	G09	BR00101078	BR00101078	G09	SGBS	SGBS	1	10
0.11604124627084489	4.528830735885556	BR00101078	G10	BR00101078	BR00101078	G10	sc	hWAT	1	10
0.8202705252777656	-0.4894512551800488	BR00101078	G11	BR00101078	BR00101078	G11	hBAT	hBAT	1	10
