x	y	Plate	Well	Cell_Line	Patient	FFA	Day	Batch
4.138087072497916	-3.8649775862789992	BR00101080	B02	vc	PAC_261	0	3	batch_one
2.2693359261507817	0.9767641046865105	BR00101080	B03	sc	PAC_246	0	3	batch_one
-1.8334880624086947	-2.896245041172482	BR00101080	B04	vc	PAC_246	0	3	batch_one
-1.5286063077084693	-1.7824368591799884	BR00101080	B05	sc	PAC_266	0	3	batch_one
1.7700368515252891	-7.133291778840015	BR00101080	B06	vc	PAC_266	0	3	batch_one
2.1392110955766395	0.8333636750187334	BR00101080	B07	sc	PAC_164	0	3	batch_one
3.5836264973290155	-3.398071716157798	BR00101080	B08	vc	PAC_164	0	3	batch_one
5.779324564884041	6.947800164853572	BR00101080	B09	SGBS	SGBS	0	3	batch_one
-13.167510381670343	0.5487672215388913	BR00101080	B10	sc	hWAT	0	3	batch_one
3.1772651806911876	-2.2470657330553125	BR00101080	B11	hBAT	hBAT	0	3	batch_one
1.8140186489423633	-7.151782619229775	BR00101080	C02	vc	PAC_261	0	3	batch_one
2.5139393055989205	1.0604537965789633	BR00101080	C03	sc	PAC_246	0	3	batch_one
-1.8948689968808903	-2.8279395165277172	BR00101080	C04	vc	PAC_246	0	3	batch_one
-1.7220455132995003	-1.6788432644429225	BR00101080	C05	sc	PAC_266	0	3	batch_one
1.7187200187329168	-7.253088325789784	BR00101080	C06	vc	PAC_266	0	3	batch_one
2.045529230587699	0.8218199692293768	BR00101080	C07	sc	PAC_164	0	3	batch_one
-1.727447651969268	-2.21217220714374	BR00101080	C08	vc	PAC_164	0	3	batch_one
5.498537567122376	6.6248731794640205	BR00101080	C09	SGBS	SGBS	0	3	batch_one
-13.19581883809285	0.535149313251343	BR00101080	C10	sc	hWAT	0	3	batch_one
3.2330053930055778	-2.218757835965306	BR00101080	C11	hBAT	hBAT	0	3	batch_one
1.8493592222585993	-7.126635048302256	BR00101080	D02	vc	PAC_261	0	3	batch_one
2.3898752365978857	0.9392089226791578	BR00101080	D03	sc	PAC_246	0	3	batch_one
-1.8583262816352766	-2.836139702041873	BR00101080	D04	vc	PAC_246	0	3	batch_one
-1.774153821702504	-1.686741626304728	BR00101080	D05	sc	PAC_266	0	3	batch_one
1.8879636851295603	-7.207088648927344	BR00101080	D06	vc	PAC_266	0	3	batch_one
2.0824705484759694	0.6810407014402149	BR00101080	D07	sc	PAC_164	0	3	batch_one
-1.71453039695009	-2.2953653298942864	BR00101080	D08	vc	PAC_164	0	3	batch_one
5.721681825486881	6.8882719435269815	BR00101080	D09	SGBS	SGBS	0	3	batch_one
-13.13645590558923	0.6364323106614875	BR00101080	D10	sc	hWAT	0	3	batch_one
3.162321964890185	-2.1999519348899685	BR00101080	D11	hBAT	hBAT	0	3	batch_one
1.7104985465231093	-7.278383080906537	BR00101080	E02	vc	PAC_261	1	3	batch_one
2.947238244750126	1.3862150707327787	BR00101080	E03	sc	PAC_246	1	3	batch_one
-2.3627304495894044	-2.304011498038232	BR00101080	E04	vc	PAC_246	1	3	batch_one
-2.264920300439008	-1.5066990354862815	BR00101080	E05	sc	PAC_266	1	3	batch_one
1.815363134071923	-7.492362037946594	BR00101080	E06	vc	PAC_266	1	3	batch_one
2.87103081632905	1.3220296670981124	BR00101080	E07	sc	PAC_164	1	3	batch_one
-2.349461475141434	-2.292980915789623	BR00101080	E08	vc	PAC_164	1	3	batch_one
5.664127397864371	6.827285691134028	BR00101080	E09	SGBS	SGBS	1	3	batch_one
-13.18205024317058	0.558524766396014	BR00101080	E10	sc	hWAT	1	3	batch_one
3.3457209163220067	-2.4174589529648847	BR00101080	E11	hBAT	hBAT	1	3	batch_one
1.6804345349463956	-7.198479078557432	BR00101080	F02	vc	PAC_261	1	3	batch_one
2.9299530448405373	1.3536981412413873	BR00101080	F03	sc	PAC_246	1	3	batch_one
-2.45545783036928	-2.26015598129565	BR00101080	F04	vc	PAC_246	1	3	batch_one
-2.294786223500851	-1.4916980130956798	BR00101080	F05	sc	PAC_266	1	3	batch_one
1.8082195335998743	-7.3483419420487275	BR00101080	F06	vc	PAC_266	1	3	batch_one
2.884493293366902	1.3281600838854235	BR00101080	F07	sc	PAC_164	1	3	batch_one
-2.173573692686004	-2.2576373306235586	BR00101080	F08	vc	PAC_164	1	3	batch_one
5.641264468842698	6.801887521454534	BR00101080	F09	SGBS	SGBS	1	3	batch_one
4.587729139609941	-4.332042520111345	BR00101080	F10	sc	hWAT	1	3	batch_one
3.3300135784962572	-2.409836297558277	BR00101080	F11	hBAT	hBAT	1	3	batch_one
1.8799589531755974	-7.176373321475565	BR00101080	G02	vc	PAC_261	1	3	batch_one
2.860175278855407	1.2912829972279147	BR00101080	G03	sc	PAC_246	1	3	batch_one
-2.4900426743671056	-2.2534950140167957	BR00101080	G04	vc	PAC_246	1	3	batch_one
-2.1705361137968744	-1.484987300461179	BR00101080	G05	sc	PAC_266	1	3	batch_one
1.7455186733679589	-7.3103575916579855	BR00101080	G06	vc	PAC_266	1	3	batch_one
2.871864106485203	1.3130666143618546	BR00101080	G07	sc	PAC_164	1	3	batch_one
-2.4239009621194225	-2.2458863138333003	BR00101080	G08	vc	PAC_164	1	3	batch_one
5.488040572039143	6.618474143107405	BR00101080	G09	SGBS	SGBS	1	3	batch_one
-13.2112704918397	0.5525193674497477	BR00101080	G10	sc	hWAT	1	3	batch_one
3.2998564787492124	-2.3890987012700844	BR00101080	G11	hBAT	hBAT	1	3	batch_one
1.7495665338827022	-7.140430631552078	BR00101081	B02	vc	PAC_261	0	2	batch_one
2.6272738043976673	1.0999853462806175	BR00101081	B03	sc	PAC_246	0	2	batch_one
4.25446839600912	-3.9764865842045882	BR00101081	B04	vc	PAC_246	0	2	batch_one
-1.9461881803727394	-1.7374806155693487	BR00101081	B05	sc	PAC_266	0	2	batch_one
-0.1074154324369756	-1.579483877334208	BR00101081	B06	vc	PAC_266	0	2	batch_one
1.844461828977081	0.8563268440120373	BR00101081	B07	sc	PAC_164	0	2	batch_one
-1.5843476758824973	-2.4536728041067715	BR00101081	B08	vc	PAC_164	0	2	batch_one
5.808401309511764	6.981030320383733	BR00101081	B09	SGBS	SGBS	0	2	batch_one
-13.028878910973134	0.480121294809875	BR00101081	B10	sc	hWAT	0	2	batch_one
3.119347389913077	-2.1542338614770085	BR00101081	B11	hBAT	hBAT	0	2	batch_one
1.848552426854555	-7.118126217791702	BR00101081	C02	vc	PAC_261	0	2	batch_one
2.3334636003478417	0.992054949349116	BR00101081	C03	sc	PAC_246	0	2	batch_one
-1.8127784224363932	-2.893115137898528	BR00101081	C04	vc	PAC_246	0	2	batch_one
-1.9852023749579848	-1.5702184916879063	BR00101081	C05	sc	PAC_266	0	2	batch_one
1.7186825692275605	-7.180155512358222	BR00101081	C06	vc	PAC_266	0	2	batch_one
1.9338651153495499	0.8233454453157583	BR00101081	C07	sc	PAC_164	0	2	batch_one
-1.6363695459620504	-2.349042129469926	BR00101081	C08	vc	PAC_164	0	2	batch_one
5.7885800600503785	6.961354901224443	BR00101081	C09	SGBS	SGBS	0	2	batch_one
-13.15998803522566	0.48463553696370043	BR00101081	C10	sc	hWAT	0	2	batch_one
3.5188100126341797	-2.8350648442682314	BR00101081	C11	hBAT	hBAT	0	2	batch_one
1.837176609297746	-7.095554510940594	BR00101081	D02	vc	PAC_261	0	2	batch_one
2.6533075099728616	1.0695377434076603	BR00101081	D03	sc	PAC_246	0	2	batch_one
-1.8416756928014237	-2.9231743853415626	BR00101081	D04	vc	PAC_246	0	2	batch_one
-1.8600056002028273	-1.6135308279633762	BR00101081	D05	sc	PAC_266	0	2	batch_one
1.7824279865743464	-7.2602448861886115	BR00101081	D06	vc	PAC_266	0	2	batch_one
2.049223987484969	0.857189429910173	BR00101081	D07	sc	PAC_164	0	2	batch_one
-1.6716741111594309	-2.3215439870074297	BR00101081	D08	vc	PAC_164	0	2	batch_one
5.809982506521418	6.9837949142612255	BR00101081	D09	SGBS	SGBS	0	2	batch_one
-13.173677062259335	0.4968500269528224	BR00101081	D10	sc	hWAT	0	2	batch_one
3.160921175670946	-2.220335220987981	BR00101081	D11	hBAT	hBAT	0	2	batch_one
1.8715727905359372	-7.186623167561046	BR00101081	E02	vc	PAC_261	1	2	batch_one
2.6228389002713848	1.1235988474285616	BR00101081	E03	sc	PAC_246	1	2	batch_one
-2.4366594787199403	-2.3093835571614223	BR00101081	E04	vc	PAC_246	1	2	batch_one
-2.3401974277776025	-1.4835982905000977	BR00101081	E05	sc	PAC_266	1	2	batch_one
6.417892775976686	-6.117026849463553	BR00101081	E06	vc	PAC_266	1	2	batch_one
2.642453018354898	1.1613034806730569	BR00101081	E07	sc	PAC_164	1	2	batch_one
-1.9547544183083887	-2.2642133472499646	BR00101081	E08	vc	PAC_164	1	2	batch_one
5.57247907620844	6.7286687996626116	BR00101081	E09	SGBS	SGBS	1	2	batch_one
-13.210909553331934	0.4911667322023635	BR00101081	E10	sc	hWAT	1	2	batch_one
3.3903410081052314	-2.4941702674719224	BR00101081	E11	hBAT	hBAT	1	2	batch_one
1.9254895915567194	-7.348825054151551	BR00101081	F02	vc	PAC_261	1	2	batch_one
2.833937603064883	1.2578875545035542	BR00101081	F03	sc	PAC_246	1	2	batch_one
-2.4497766264968894	-2.2675619106946217	BR00101081	F04	vc	PAC_246	1	2	batch_one
-2.248756885239896	-1.5646722904795298	BR00101081	F05	sc	PAC_266	1	2	batch_one
1.791096793042585	-7.423311281903044	BR00101081	F06	vc	PAC_266	1	2	batch_one
2.5832479110339173	1.1549209577885287	BR00101081	F07	sc	PAC_164	1	2	batch_one
-2.1968963725628776	-2.2296031851024214	BR00101081	F08	vc	PAC_164	1	2	batch_one
5.599541319546423	6.760316997600939	BR00101081	F09	SGBS	SGBS	1	2	batch_one
-13.163660877637087	0.4841560381014395	BR00101081	F10	sc	hWAT	1	2	batch_one
3.336879536455929	-2.4177451207112632	BR00101081	F11	hBAT	hBAT	1	2	batch_one
1.9189810029074863	-7.288133251625799	BR00101081	G02	vc	PAC_261	1	2	batch_one
2.86426477352769	1.3066837441228303	BR00101081	G03	sc	PAC_246	1	2	batch_one
-2.479381043793363	-2.293765234493023	BR00101081	G04	vc	PAC_246	1	2	batch_one
-2.2960382410553226	-1.4930164569719573	BR00101081	G05	sc	PAC_266	1	2	batch_one
1.7574367762224337	-7.412100344524247	BR00101081	G06	vc	PAC_266	1	2	batch_one
2.668733659978863	1.182038161566294	BR00101081	G07	sc	PAC_164	1	2	batch_one
-2.0455321039614835	-2.1737644887999155	BR00101081	G08	vc	PAC_164	1	2	batch_one
5.651113881627703	6.816810064394034	BR00101081	G09	SGBS	SGBS	1	2	batch_one
-13.303482817034187	0.60974018016915	BR00101081	G10	sc	hWAT	1	2	batch_one
3.511582965828103	-2.7921069990524288	BR00101081	G11	hBAT	hBAT	1	2	batch_one
0.506852233876294	-6.204424062069026	BR00101075	B02	vc	PAC_261	0	15	batch_one
-0.6541940490425127	12.77872622134842	BR00101075	B03	sc	PAC_246	0	15	batch_one
0.618805881919719	-3.345569735679094	BR00101075	B04	vc	PAC_246	0	15	batch_one
-4.201998713849208	-3.3395902098129007	BR00101075	B05	sc	PAC_266	0	15	batch_one
0.21557283328591148	-5.864141433776281	BR00101075	B06	vc	PAC_266	0	15	batch_one
-0.4735356354523351	12.219533798621182	BR00101075	B07	sc	PAC_164	0	15	batch_one
0.6979392814137422	-3.329413017597206	BR00101075	B08	vc	PAC_164	0	15	batch_one
4.62142318786222	5.238282470903784	BR00101075	B09	SGBS	SGBS	0	15	batch_one
0.27961128645334254	-3.810761481489778	BR00101075	B10	sc	hWAT	0	15	batch_one
4.936367527532738	5.6428616211435205	BR00101075	B11	hBAT	hBAT	0	15	batch_one
0.5084346998293304	-6.296005736003607	BR00101075	C02	vc	PAC_261	0	15	batch_one
-0.6640403659095657	12.802541485051933	BR00101075	C03	sc	PAC_246	0	15	batch_one
0.533065139444537	-3.471219935652936	BR00101075	C04	vc	PAC_246	0	15	batch_one
-4.164385791521628	-3.2860781701725754	BR00101075	C05	sc	PAC_266	0	15	batch_one
0.2584434244764886	-5.7577327291851885	BR00101075	C06	vc	PAC_266	0	15	batch_one
-0.5645756585368373	12.673073045438155	BR00101075	C07	sc	PAC_164	0	15	batch_one
0.7090827962203854	-3.3625974142407795	BR00101075	C08	vc	PAC_164	0	15	batch_one
4.728344736860635	5.342737175732644	BR00101075	C09	SGBS	SGBS	0	15	batch_one
0.13662778506083384	-3.931956362148168	BR00101075	C10	sc	hWAT	0	15	batch_one
5.028370537734645	5.705619643232536	BR00101075	C11	hBAT	hBAT	0	15	batch_one
0.474454025348776	-6.248145322344388	BR00101075	D02	vc	PAC_261	0	15	batch_one
-0.6643640475164649	12.811221256956587	BR00101075	D03	sc	PAC_246	0	15	batch_one
0.5839254143168149	-3.242890171150151	BR00101075	D04	vc	PAC_246	0	15	batch_one
-4.186584804829744	-3.3035805884840475	BR00101075	D05	sc	PAC_266	0	15	batch_one
0.21928440592387033	-5.742869986416081	BR00101075	D06	vc	PAC_266	0	15	batch_one
-0.610261308664968	12.70912940159529	BR00101075	D07	sc	PAC_164	0	15	batch_one
0.6541541104572485	-3.480204206558253	BR00101075	D08	vc	PAC_164	0	15	batch_one
4.718008458994717	5.355345972152781	BR00101075	D09	SGBS	SGBS	0	15	batch_one
0.3681238271140349	-3.7748638262834273	BR00101075	D10	sc	hWAT	0	15	batch_one
4.997340259192093	5.703230601150678	BR00101075	D11	hBAT	hBAT	0	15	batch_one
-5.484223480764804	-0.8897561782531573	BR00101075	E02	vc	PAC_261	1	15	batch_one
-0.6810856660511218	12.825828263114452	BR00101075	E03	sc	PAC_246	1	15	batch_one
-5.079052932116303	-0.806667564034057	BR00101075	E04	vc	PAC_246	1	15	batch_one
-4.4575016890389545	-1.7005393998949525	BR00101075	E05	sc	PAC_266	1	15	batch_one
-0.6142346424566881	4.07018270503072	BR00101075	E06	vc	PAC_266	1	15	batch_one
-0.47032378216171794	12.157079895651167	BR00101075	E07	sc	PAC_164	1	15	batch_one
-4.668861624949017	-0.9084042788045539	BR00101075	E08	vc	PAC_164	1	15	batch_one
-0.6323851782908124	12.7456376615429	BR00101075	E09	SGBS	SGBS	1	15	batch_one
-4.890172268236412	-1.2803887045405242	BR00101075	E10	sc	hWAT	1	15	batch_one
2.8102173755727984	-1.0422667587370629	BR00101075	E11	hBAT	hBAT	1	15	batch_one
-5.443171222795607	-0.9133796218244237	BR00101075	F02	vc	PAC_261	1	15	batch_one
-0.6453213193354435	12.759145654442182	BR00101075	F03	sc	PAC_246	1	15	batch_one
-4.863746598462086	-0.8371079352054323	BR00101075	F04	vc	PAC_246	1	15	batch_one
-4.6383100697906965	-1.545002987491965	BR00101075	F05	sc	PAC_266	1	15	batch_one
-0.6038065938620614	4.086343393690836	BR00101075	F06	vc	PAC_266	1	15	batch_one
-0.21190489632285422	11.605484718885075	BR00101075	F07	sc	PAC_164	1	15	batch_one
-4.59575654720909	-0.9226227894293102	BR00101075	F08	vc	PAC_164	1	15	batch_one
-0.5436577823616482	12.465276495961543	BR00101075	F09	SGBS	SGBS	1	15	batch_one
-4.950487943302413	-1.3595080496877008	BR00101075	F10	sc	hWAT	1	15	batch_one
2.8060637779217434	-1.0459142959117258	BR00101075	F11	hBAT	hBAT	1	15	batch_one
-5.591085310698407	-0.8320595284195138	BR00101075	G02	vc	PAC_261	1	15	batch_one
-0.6532247152558277	12.782875984493579	BR00101075	G03	sc	PAC_246	1	15	batch_one
-5.1735802017477415	-0.7381767314675545	BR00101075	G04	vc	PAC_246	1	15	batch_one
-4.625690793242011	-1.5696221198630307	BR00101075	G05	sc	PAC_266	1	15	batch_one
-0.5768710465594369	4.033249137621039	BR00101075	G06	vc	PAC_266	1	15	batch_one
-0.5199970051409759	12.22848218164394	BR00101075	G07	sc	PAC_164	1	15	batch_one
-4.622438149751071	-0.8170730196154816	BR00101075	G08	vc	PAC_164	1	15	batch_one
-0.5603425281420121	12.4209186075585	BR00101075	G09	SGBS	SGBS	1	15	batch_one
-4.653520193565953	-1.4247453952654252	BR00101075	G10	sc	hWAT	1	15	batch_one
2.8075210689645327	-1.041933572026987	BR00101075	G11	hBAT	hBAT	1	15	batch_one
0.6858242080755914	-6.102158697788509	BR00101079	B02	vc	PAC_261	0	7	batch_one
5.661961563445459	-5.376688445360093	BR00101079	B03	sc	PAC_246	0	7	batch_one
1.8170763213466135	-3.0049507066717105	BR00101079	B04	vc	PAC_246	0	7	batch_one
-3.816913004731387	-3.1568776862700894	BR00101079	B05	sc	PAC_266	0	7	batch_one
0.3404220713212951	-5.878367085284642	BR00101079	B06	vc	PAC_266	0	7	batch_one
0.9711264556462049	1.311496574136458	BR00101079	B07	sc	PAC_164	0	7	batch_one
1.8547874912774374	-2.969422166119262	BR00101079	B08	vc	PAC_164	0	7	batch_one
4.2288585793225035	-3.9641990497009356	BR00101079	B09	SGBS	SGBS	0	7	batch_one
-2.1606872457230084	-3.45251802566945	BR00101079	B10	sc	hWAT	0	7	batch_one
1.965549462381226	-2.9257465964264977	BR00101079	B11	hBAT	hBAT	0	7	batch_one
0.6827928087671311	-6.03375567454692	BR00101079	C02	vc	PAC_261	0	7	batch_one
6.343105259769523	-6.040984554795502	BR00101079	C03	sc	PAC_246	0	7	batch_one
1.7835263327557813	-2.9958405287699748	BR00101079	C04	vc	PAC_246	0	7	batch_one
-3.740088088643049	-3.166569510537011	BR00101079	C05	sc	PAC_266	0	7	batch_one
0.3914861168756093	-5.9358506874388315	BR00101079	C06	vc	PAC_266	0	7	batch_one
0.8800555329983109	1.2996236862949953	BR00101079	C07	sc	PAC_164	0	7	batch_one
1.8239822474326308	-3.0029249684447734	BR00101079	C08	vc	PAC_164	0	7	batch_one
3.0645001115397106	-3.2060661568051456	BR00101079	C09	SGBS	SGBS	0	7	batch_one
-2.2199512797455077	-3.4845291746815885	BR00101079	C10	sc	hWAT	0	7	batch_one
2.059564486611865	-2.9039830178569366	BR00101079	C11	hBAT	hBAT	0	7	batch_one
0.6185297980947392	-6.11500311022886	BR00101079	D02	vc	PAC_261	0	7	batch_one
6.453208080683645	-6.152834356865125	BR00101079	D03	sc	PAC_246	0	7	batch_one
1.7626725976339603	-2.990526450581595	BR00101079	D04	vc	PAC_246	0	7	batch_one
-3.787277231255072	-3.0984218572534816	BR00101079	D05	sc	PAC_266	0	7	batch_one
0.3691392154973926	-5.899114933436271	BR00101079	D06	vc	PAC_266	0	7	batch_one
0.9474207602446398	1.3296379182160671	BR00101079	D07	sc	PAC_164	0	7	batch_one
1.8509714765016487	-2.981484491386875	BR00101079	D08	vc	PAC_164	0	7	batch_one
4.241441409337465	-3.9737127415429656	BR00101079	D09	SGBS	SGBS	0	7	batch_one
-2.1879802562645434	-3.462261691516413	BR00101079	D10	sc	hWAT	0	7	batch_one
1.9834442227604407	-2.968220947804629	BR00101079	D11	hBAT	hBAT	0	7	batch_one
-3.660321860484604	-0.9204957759812196	BR00101079	E02	vc	PAC_261	1	7	batch_one
6.487098453764874	-6.185862017049039	BR00101079	E03	sc	PAC_246	1	7	batch_one
-2.9574203297148625	-1.5094589031993986	BR00101079	E04	vc	PAC_246	1	7	batch_one
-3.3718356273683607	-1.9943379284276455	BR00101079	E05	sc	PAC_266	1	7	batch_one
4.334779216384133	-4.070506130241129	BR00101079	E06	vc	PAC_266	1	7	batch_one
5.441439934914413	-5.161206818387076	BR00101079	E07	sc	PAC_164	1	7	batch_one
-3.0541268022671106	-1.333731238003905	BR00101079	E08	vc	PAC_164	1	7	batch_one
6.261243723110422	-5.960508469559336	BR00101079	E09	SGBS	SGBS	1	7	batch_one
-4.674747333579754	-1.8090671507916725	BR00101079	E10	sc	hWAT	1	7	batch_one
2.17280353161692	-2.571424906841618	BR00101079	E11	hBAT	hBAT	1	7	batch_one
-3.6214894231963246	-0.943778438048045	BR00101079	F02	vc	PAC_261	1	7	batch_one
6.58346361773741	-6.280315183680812	BR00101079	F03	sc	PAC_246	1	7	batch_one
-2.949000988553688	-1.5132126852676933	BR00101079	F04	vc	PAC_246	1	7	batch_one
-3.467585486164756	-2.0983116221985894	BR00101079	F05	sc	PAC_266	1	7	batch_one
4.579313679732969	-4.32222161350186	BR00101079	F06	vc	PAC_266	1	7	batch_one
6.362851250742455	-6.060736529981654	BR00101079	F07	sc	PAC_164	1	7	batch_one
-3.1185837154371256	-1.3779296786763806	BR00101079	F08	vc	PAC_164	1	7	batch_one
6.357001845657736	-6.054906047110175	BR00101079	F09	SGBS	SGBS	1	7	batch_one
-4.699872371290333	-1.879986698221751	BR00101079	F10	sc	hWAT	1	7	batch_one
2.1012960473972546	-2.6600307980975346	BR00101079	F11	hBAT	hBAT	1	7	batch_one
-3.5997502903112415	-0.8495695296100998	BR00101079	G02	vc	PAC_261	1	7	batch_one
6.508366485923858	-6.2070649540502725	BR00101079	G03	sc	PAC_246	1	7	batch_one
-3.026108499591932	-1.4116445125638084	BR00101079	G04	vc	PAC_246	1	7	batch_one
-3.449788419810374	-2.0958208631637847	BR00101079	G05	sc	PAC_266	1	7	batch_one
5.028124008340129	-4.764622016089694	BR00101079	G06	vc	PAC_266	1	7	batch_one
5.466673380778918	-5.186343538805439	BR00101079	G07	sc	PAC_164	1	7	batch_one
-3.1115128290096283	-1.3775278965011821	BR00101079	G08	vc	PAC_164	1	7	batch_one
6.444442455376036	-6.1418640124002115	BR00101079	G09	SGBS	SGBS	1	7	batch_one
-4.704010918547258	-1.8180350269364463	BR00101079	G10	sc	hWAT	1	7	batch_one
2.1501845579019916	-2.534117440470653	BR00101079	G11	hBAT	hBAT	1	7	batch_one
0.4015544718135784	-6.356102122065725	BR00101077	B02	vc	PAC_261	0	14	batch_one
-0.42031622179734396	11.959967372070844	BR00101077	B03	sc	PAC_246	0	14	batch_one
0.6999408527853797	-3.4372485012923457	BR00101077	B04	vc	PAC_246	0	14	batch_one
-4.064419925312868	-3.2271417805388003	BR00101077	B05	sc	PAC_266	0	14	batch_one
0.1895531957798835	-5.959102700000859	BR00101077	B06	vc	PAC_266	0	14	batch_one
-0.21686189878079443	11.875296201510645	BR00101077	B07	sc	PAC_164	0	14	batch_one
0.9010968314452881	-3.3268494886675297	BR00101077	B08	vc	PAC_164	0	14	batch_one
4.63280128686589	5.262242191858801	BR00101077	B09	SGBS	SGBS	0	14	batch_one
1.2929259213593856	-6.7841650394011275	BR00101077	B10	sc	hWAT	0	14	batch_one
4.89022339072948	5.589768068965781	BR00101077	B11	hBAT	hBAT	0	14	batch_one
0.4078456716985127	-6.212630199016329	BR00101077	C02	vc	PAC_261	0	14	batch_one
-0.449268620268252	12.08238649923621	BR00101077	C03	sc	PAC_246	0	14	batch_one
0.6216478347226103	-3.313971805941251	BR00101077	C04	vc	PAC_246	0	14	batch_one
-4.1799935375606605	-3.3298523455012115	BR00101077	C05	sc	PAC_266	0	14	batch_one
0.21887441348958592	-5.800479215889496	BR00101077	C06	vc	PAC_266	0	14	batch_one
-0.3430276333457717	11.762304787095454	BR00101077	C07	sc	PAC_164	0	14	batch_one
0.77777411617526	-3.3440171287064464	BR00101077	C08	vc	PAC_164	0	14	batch_one
4.706074684878683	5.340167124089582	BR00101077	C09	SGBS	SGBS	0	14	batch_one
4.808800539142636	5.466850431704206	BR00101077	C11	hBAT	hBAT	0	14	batch_one
0.4642149208982197	-6.197480486072534	BR00101077	D02	vc	PAC_261	0	14	batch_one
-0.26745191286524334	11.700079087514343	BR00101077	D03	sc	PAC_246	0	14	batch_one
0.6580336031136749	-3.385678103773756	BR00101077	D04	vc	PAC_246	0	14	batch_one
-4.222303882049882	-3.3397856440182414	BR00101077	D05	sc	PAC_266	0	14	batch_one
0.11800513451355837	-5.96599288596614	BR00101077	D06	vc	PAC_266	0	14	batch_one
-0.313254120917285	11.795424175782282	BR00101077	D07	sc	PAC_164	0	14	batch_one
0.8724641062421143	-3.47350148587139	BR00101077	D08	vc	PAC_164	0	14	batch_one
4.648011909269375	5.28596850286112	BR00101077	D09	SGBS	SGBS	0	14	batch_one
1.2490713937554103	-6.767147919665185	BR00101077	D10	sc	hWAT	0	14	batch_one
4.959292043709821	5.711493684439056	BR00101077	D11	hBAT	hBAT	0	14	batch_one
-5.566156739230092	-0.869614499212161	BR00101077	E02	vc	PAC_261	1	14	batch_one
-0.4578132319066907	11.968718344037152	BR00101077	E03	sc	PAC_246	1	14	batch_one
-4.947758921053154	-0.7944304672043438	BR00101077	E04	vc	PAC_246	1	14	batch_one
-4.415293110286525	-1.6839698999777373	BR00101077	E05	sc	PAC_266	1	14	batch_one
-0.5368043665923459	3.999951795998082	BR00101077	E06	vc	PAC_266	1	14	batch_one
-0.17785750764247382	11.26107341182763	BR00101077	E07	sc	PAC_164	1	14	batch_one
-4.627049973190028	-0.8390949672498302	BR00101077	E08	vc	PAC_164	1	14	batch_one
-0.3578485238169315	11.457747337060274	BR00101077	E09	SGBS	SGBS	1	14	batch_one
2.8370906109256455	-1.0646655836054408	BR00101077	E11	hBAT	hBAT	1	14	batch_one
-5.558551460408921	-0.8382892807538957	BR00101077	F02	vc	PAC_261	1	14	batch_one
-0.43826071799461963	11.87149491408477	BR00101077	F03	sc	PAC_246	1	14	batch_one
-4.824676394708858	-0.8429040311583336	BR00101077	F04	vc	PAC_246	1	14	batch_one
-4.344722252490309	-1.7979550322184996	BR00101077	F05	sc	PAC_266	1	14	batch_one
-0.6233570418574157	4.048390248133939	BR00101077	F06	vc	PAC_266	1	14	batch_one
-0.2665581352216746	11.627633459404072	BR00101077	F07	sc	PAC_164	1	14	batch_one
-4.652981576498739	-0.9366794457910887	BR00101077	F08	vc	PAC_164	1	14	batch_one
-0.3961164691904274	11.58399660075018	BR00101077	F09	SGBS	SGBS	1	14	batch_one
2.800610004837967	-1.060540236361588	BR00101077	F11	hBAT	hBAT	1	14	batch_one
-5.519260122510941	-0.7907574236626482	BR00101077	G02	vc	PAC_261	1	14	batch_one
-0.07352959242286822	10.802904130702236	BR00101077	G03	sc	PAC_246	1	14	batch_one
-4.7695046324712855	-0.9307945824147794	BR00101077	G04	vc	PAC_246	1	14	batch_one
-4.371231971197858	-1.8159525344880219	BR00101077	G05	sc	PAC_266	1	14	batch_one
-0.5062558675716579	3.8964229722595274	BR00101077	G06	vc	PAC_266	1	14	batch_one
-0.23962297758785317	11.476996325261824	BR00101077	G07	sc	PAC_164	1	14	batch_one
-4.585146045414836	-0.8934049615093895	BR00101077	G08	vc	PAC_164	1	14	batch_one
-0.39555472240010814	11.556824718254854	BR00101077	G09	SGBS	SGBS	1	14	batch_one
2.764941144965821	-1.058189243040397	BR00101077	G11	hBAT	hBAT	1	14	batch_one
6.329594911335571	-6.027451229022355	BR00101083	B02	vc	PAC_261	0	0	batch_one
1.5202017088528417	1.3357433525695286	BR00101083	B03	sc	PAC_246	0	0	batch_one
-1.7072975039979275	-2.9889563359796014	BR00101083	B04	vc	PAC_246	0	0	batch_one
6.550210257342677	-6.244605609020359	BR00101083	B05	sc	PAC_266	0	0	batch_one
6.09742157211141	-5.799818489662119	BR00101083	B06	vc	PAC_266	0	0	batch_one
1.5010348246324956	1.2679276151858185	BR00101083	B07	sc	PAC_164	0	0	batch_one
-1.2116299983995962	-2.2420981446219255	BR00101083	B08	vc	PAC_164	0	0	batch_one
5.956390991651547	7.1356604608013	BR00101083	B09	SGBS	SGBS	0	0	batch_one
-13.026130584921557	0.3864344424757511	BR00101083	B10	sc	hWAT	0	0	batch_one
3.279258335786583	-2.3261740178767747	BR00101083	B11	hBAT	hBAT	0	0	batch_one
6.594104111707626	-6.2880224205772315	BR00101083	C02	vc	PAC_261	0	0	batch_one
2.1964295098464	1.1344723800469438	BR00101083	C03	sc	PAC_246	0	0	batch_one
-1.3912605862238756	-2.697683594499881	BR00101083	C04	vc	PAC_246	0	0	batch_one
5.261531026588731	-4.987347618186125	BR00101083	C05	sc	PAC_266	0	0	batch_one
4.545605853847398	-4.287001055137648	BR00101083	C06	vc	PAC_266	0	0	batch_one
2.3638768167767346	0.8475256678085641	BR00101083	C07	sc	PAC_164	0	0	batch_one
4.035203747287392	-3.742805087092319	BR00101083	C08	vc	PAC_164	0	0	batch_one
6.020771472719426	7.2000111436682985	BR00101083	C09	SGBS	SGBS	0	0	batch_one
-12.999014204018033	0.35768730510526436	BR00101083	C10	sc	hWAT	0	0	batch_one
3.641175150098401	-3.2117522106411522	BR00101083	C11	hBAT	hBAT	0	0	batch_one
1.7357609373229752	-7.309530611251787	BR00101083	D02	vc	PAC_261	0	0	batch_one
2.2509299030530774	1.0877848044258858	BR00101083	D03	sc	PAC_246	0	0	batch_one
-1.3771074514919817	-2.645573378395369	BR00101083	D04	vc	PAC_246	0	0	batch_one
5.388330455644912	-5.110484074521541	BR00101083	D05	sc	PAC_266	0	0	batch_one
3.957743594411331	-3.652404415092943	BR00101083	D06	vc	PAC_266	0	0	batch_one
2.0519037225670296	0.9345648323543172	BR00101083	D07	sc	PAC_164	0	0	batch_one
-1.4744487302944196	-2.2421364614753116	BR00101083	D08	vc	PAC_164	0	0	batch_one
5.933896534758748	7.113109464687431	BR00101083	D09	SGBS	SGBS	0	0	batch_one
-13.003779405091356	0.3664446737912982	BR00101083	D10	sc	hWAT	0	0	batch_one
4.350167224965324	-4.083763595858583	BR00101083	D11	hBAT	hBAT	0	0	batch_one
4.161276857818901	-3.8828728110737085	BR00101083	E02	vc	PAC_261	1	0	batch_one
3.842628784022058	-3.5161880632056945	BR00101083	E03	sc	PAC_246	1	0	batch_one
-1.6602441514328141	-3.049733991032312	BR00101083	E04	vc	PAC_246	1	0	batch_one
-2.0956471474139455	-2.1158861205616946	BR00101083	E05	sc	PAC_266	1	0	batch_one
4.467711963887666	-4.210314137680427	BR00101083	E06	vc	PAC_266	1	0	batch_one
1.3993536245227005	1.3240362409053457	BR00101083	E07	sc	PAC_164	1	0	batch_one
3.7751012145879588	-3.4635598561813135	BR00101083	E08	vc	PAC_164	1	0	batch_one
5.968134769946612	7.147405743418209	BR00101083	E09	SGBS	SGBS	1	0	batch_one
-12.946693857443007	0.2980777971154057	BR00101083	E10	sc	hWAT	1	0	batch_one
3.246803714843772	-2.3050462462995034	BR00101083	E11	hBAT	hBAT	1	0	batch_one
1.6421209077304177	-7.07174701035249	BR00101083	F02	vc	PAC_261	1	0	batch_one
2.119045440162495	1.1632140582749182	BR00101083	F03	sc	PAC_246	1	0	batch_one
-1.832458098651777	-2.812755494989407	BR00101083	F04	vc	PAC_246	1	0	batch_one
-0.6249961171892231	3.647315810250868	BR00101083	F05	sc	PAC_266	1	0	batch_one
3.573469663461377	-3.033283976763312	BR00101083	F06	vc	PAC_266	1	0	batch_one
1.457485851937624	1.2669529209918575	BR00101083	F07	sc	PAC_164	1	0	batch_one
-1.5264408422256093	-2.2609934500355546	BR00101083	F08	vc	PAC_164	1	0	batch_one
6.045540347103072	7.2266791523996705	BR00101083	F09	SGBS	SGBS	1	0	batch_one
-12.961838121494822	0.3169125595064469	BR00101083	F10	sc	hWAT	1	0	batch_one
3.2826054564503977	-2.370881328424666	BR00101083	F11	hBAT	hBAT	1	0	batch_one
1.3944048632196593	-6.843733681819257	BR00101083	G02	vc	PAC_261	1	0	batch_one
1.5681678814975968	1.3153153247361427	BR00101083	G03	sc	PAC_246	1	0	batch_one
-1.737561016677356	-3.0228042072170878	BR00101083	G04	vc	PAC_246	1	0	batch_one
6.608541172025669	-6.302486242705146	BR00101083	G05	sc	PAC_266	1	0	batch_one
3.9903563903787354	-3.6819470289913223	BR00101083	G06	vc	PAC_266	1	0	batch_one
1.817586686424265	1.0215286085515034	BR00101083	G07	sc	PAC_164	1	0	batch_one
-1.2783033175194234	-2.1279612717462806	BR00101083	G08	vc	PAC_164	1	0	batch_one
5.958165565775413	7.137584257768217	BR00101083	G09	SGBS	SGBS	1	0	batch_one
-12.955259798332225	0.29147774148964156	BR00101083	G10	sc	hWAT	1	0	batch_one
3.5801496170825793	-3.029829875151103	BR00101083	G11	hBAT	hBAT	1	0	batch_one
1.24752322550366	-6.700568528707155	BR00101082	B02	vc	PAC_261	0	1	batch_one
1.5763763601645073	1.2452862843187757	BR00101082	B03	sc	PAC_246	0	1	batch_one
-1.7511713368341728	-2.9396063235664265	BR00101082	B04	vc	PAC_246	0	1	batch_one
3.8784036922712395	-3.557938025083283	BR00101082	B05	sc	PAC_266	0	1	batch_one
4.9319779423997545	-4.670013184074698	BR00101082	B06	vc	PAC_266	0	1	batch_one
1.4850072227832014	1.28397366671023	BR00101082	B07	sc	PAC_164	0	1	batch_one
-1.643855392129558	-2.2927527460853607	BR00101082	B08	vc	PAC_164	0	1	batch_one
5.832384160557066	7.008958322596848	BR00101082	B09	SGBS	SGBS	0	1	batch_one
-13.074000127831274	0.4294838926290313	BR00101082	B10	sc	hWAT	0	1	batch_one
6.340037803337729	-6.037686200796925	BR00101082	B11	hBAT	hBAT	0	1	batch_one
5.109847417616519	-4.842796978813295	BR00101082	C02	vc	PAC_261	0	1	batch_one
1.7096806860380567	1.161009690013443	BR00101082	C03	sc	PAC_246	0	1	batch_one
-1.7621849718430695	-3.0136596648007057	BR00101082	C04	vc	PAC_246	0	1	batch_one
4.129109320531487	-3.85031839640102	BR00101082	C05	sc	PAC_266	0	1	batch_one
5.053565778049908	-4.789532431773434	BR00101082	C06	vc	PAC_266	0	1	batch_one
1.3423846697605581	1.1170605883352083	BR00101082	C07	sc	PAC_164	0	1	batch_one
-1.5500933107828958	-2.3211017437107397	BR00101082	C08	vc	PAC_164	0	1	batch_one
5.699852623845212	6.868898283995062	BR00101082	C09	SGBS	SGBS	0	1	batch_one
-13.120636633058492	0.47300436855343075	BR00101082	C10	sc	hWAT	0	1	batch_one
3.3061222208385916	-2.408213972104411	BR00101082	C11	hBAT	hBAT	0	1	batch_one
1.4675309034552555	-6.848567538317033	BR00101082	D02	vc	PAC_261	0	1	batch_one
1.9687867248603745	-2.9549715242289327	BR00101082	D03	sc	PAC_246	0	1	batch_one
-1.7568751184671472	-2.9644489360326727	BR00101082	D04	vc	PAC_246	0	1	batch_one
4.991449573315245	-4.728359285783025	BR00101082	D05	sc	PAC_266	0	1	batch_one
1.5478799320560217	-6.99064976923601	BR00101082	D06	vc	PAC_266	0	1	batch_one
1.7389776846168878	0.8241588854416267	BR00101082	D07	sc	PAC_164	0	1	batch_one
-1.4841746118266408	-2.1744756845033892	BR00101082	D08	vc	PAC_164	0	1	batch_one
5.941578453252939	7.122213051529979	BR00101082	D09	SGBS	SGBS	0	1	batch_one
-13.163521421755037	0.5113584158210418	BR00101082	D10	sc	hWAT	0	1	batch_one
3.215978564391776	-2.268703006848737	BR00101082	D11	hBAT	hBAT	0	1	batch_one
6.665627364871581	-6.36004221223936	BR00101082	E02	vc	PAC_261	1	1	batch_one
2.230800155744386	1.128964734645411	BR00101082	E03	sc	PAC_246	1	1	batch_one
-2.2467883195737777	-2.5170567793616465	BR00101082	E04	vc	PAC_246	1	1	batch_one
6.604405628455009	-6.299745334828071	BR00101082	E05	sc	PAC_266	1	1	batch_one
5.263827966411432	-4.988508756629038	BR00101082	E06	vc	PAC_266	1	1	batch_one
1.9823341759831812	0.9464767151216126	BR00101082	E07	sc	PAC_164	1	1	batch_one
-1.8588508804128705	-2.215969491830359	BR00101082	E08	vc	PAC_164	1	1	batch_one
5.9273690491501725	7.105882413155622	BR00101082	E09	SGBS	SGBS	1	1	batch_one
-13.118558339788255	0.41872284988895214	BR00101082	E10	sc	hWAT	1	1	batch_one
3.5039041504177746	-2.755309705135991	BR00101082	E11	hBAT	hBAT	1	1	batch_one
1.7640379735917064	-7.296035190172723	BR00101082	F02	vc	PAC_261	1	1	batch_one
2.3258017507674924	1.2029081396150407	BR00101082	F03	sc	PAC_246	1	1	batch_one
-2.3363880552881566	-2.395419318202271	BR00101082	F04	vc	PAC_246	1	1	batch_one
1.21825918302543	-6.674625394254549	BR00101082	F05	sc	PAC_266	1	1	batch_one
1.7629400251711473	-7.332375686222627	BR00101082	F06	vc	PAC_266	1	1	batch_one
1.9770421842279382	0.8764491015508385	BR00101082	F07	sc	PAC_164	1	1	batch_one
-1.772118365960067	-2.274945479032355	BR00101082	F08	vc	PAC_164	1	1	batch_one
5.896566834507663	7.076002372400884	BR00101082	F09	SGBS	SGBS	1	1	batch_one
-13.068530038224658	0.40560854659086276	BR00101082	F10	sc	hWAT	1	1	batch_one
5.407381107888034	-5.127852860792538	BR00101082	F11	hBAT	hBAT	1	1	batch_one
1.7996692976176365	-7.342759791404105	BR00101082	G02	vc	PAC_261	1	1	batch_one
2.3483007634978805	1.2418392785662857	BR00101082	G03	sc	PAC_246	1	1	batch_one
4.229307582007882	-3.955295354578488	BR00101082	G04	vc	PAC_246	1	1	batch_one
4.889468411804243	-4.627347153681177	BR00101082	G05	sc	PAC_266	1	1	batch_one
1.6851029094287426	-7.357773930098934	BR00101082	G06	vc	PAC_266	1	1	batch_one
2.0487431636369817	0.9811587451157991	BR00101082	G07	sc	PAC_164	1	1	batch_one
-1.9347783173043496	-2.0431371704852657	BR00101082	G08	vc	PAC_164	1	1	batch_one
4.688438547522242	-4.43028514070026	BR00101082	G09	SGBS	SGBS	1	1	batch_one
-13.082097624334434	0.4332122898564772	BR00101082	G10	sc	hWAT	1	1	batch_one
3.611660740034785	-3.01268823542493	BR00101082	G11	hBAT	hBAT	1	1	batch_one
0.44983412897297415	-6.312504603336313	BR00101076	B02	vc	PAC_261	0	15+iso	batch_one
-0.045257568934025605	10.549650881047578	BR00101076	B03	sc	PAC_246	0	15+iso	batch_one
0.6016295646843655	-3.5859810358039237	BR00101076	B04	vc	PAC_246	0	15+iso	batch_one
-4.206197481815307	-3.3349124107788706	BR00101076	B05	sc	PAC_266	0	15+iso	batch_one
0.25723868444527453	-5.8339386021188195	BR00101076	B06	vc	PAC_266	0	15+iso	batch_one
-0.06583560667536681	10.470954294737094	BR00101076	B07	sc	PAC_164	0	15+iso	batch_one
0.7962432698863073	-3.4842744278414557	BR00101076	B08	vc	PAC_164	0	15+iso	batch_one
4.738745347821418	5.361483389058652	BR00101076	B09	SGBS	SGBS	0	15+iso	batch_one
5.097767303602415	5.770336676307216	BR00101076	B11	hBAT	hBAT	0	15+iso	batch_one
0.47605016316258486	-6.273884458040934	BR00101076	C02	vc	PAC_261	0	15+iso	batch_one
-0.08562900869649354	10.45297670031347	BR00101076	C03	sc	PAC_246	0	15+iso	batch_one
0.5836770455868874	-3.588805217933328	BR00101076	C04	vc	PAC_246	0	15+iso	batch_one
-4.235851233220156	-3.366237604151247	BR00101076	C05	sc	PAC_266	0	15+iso	batch_one
0.1542013124573821	-5.97013943974329	BR00101076	C06	vc	PAC_266	0	15+iso	batch_one
-0.07342000343743754	10.485815601124768	BR00101076	C07	sc	PAC_164	0	15+iso	batch_one
0.8089853541020169	-3.518595427004507	BR00101076	C08	vc	PAC_164	0	15+iso	batch_one
4.6931143656290395	5.330907187284428	BR00101076	C09	SGBS	SGBS	0	15+iso	batch_one
5.059395436103058	5.742103208643519	BR00101076	C11	hBAT	hBAT	0	15+iso	batch_one
0.3746331591447102	-6.31895278258313	BR00101076	D02	vc	PAC_261	0	15+iso	batch_one
-0.04498352336058353	10.479984638267766	BR00101076	D03	sc	PAC_246	0	15+iso	batch_one
0.660000664031315	-3.5310843708361395	BR00101076	D04	vc	PAC_246	0	15+iso	batch_one
-4.214103006111408	-3.3432264696276803	BR00101076	D05	sc	PAC_266	0	15+iso	batch_one
0.04873661428009496	-5.923573854380252	BR00101076	D06	vc	PAC_266	0	15+iso	batch_one
-0.05952436894035629	10.467237515271583	BR00101076	D07	sc	PAC_164	0	15+iso	batch_one
0.796085548635042	-3.4637652098570912	BR00101076	D08	vc	PAC_164	0	15+iso	batch_one
4.722855579626636	5.326501916886887	BR00101076	D09	SGBS	SGBS	0	15+iso	batch_one
5.018458323777088	5.65363702897582	BR00101076	D11	hBAT	hBAT	0	15+iso	batch_one
-5.527653711114953	-0.8123561490291089	BR00101076	E02	vc	PAC_261	1	15+iso	batch_one
-0.06879210730347785	10.580050320022316	BR00101076	E03	sc	PAC_246	1	15+iso	batch_one
-5.166054470197494	-0.7352231449732569	BR00101076	E04	vc	PAC_246	1	15+iso	batch_one
-4.382601699162404	-1.7809895556214925	BR00101076	E05	sc	PAC_266	1	15+iso	batch_one
-0.5212708094526388	3.9121353063694198	BR00101076	E06	vc	PAC_266	1	15+iso	batch_one
-0.0692570703695985	10.514548008535773	BR00101076	E07	sc	PAC_164	1	15+iso	batch_one
-4.745793101753003	-0.7692394921160697	BR00101076	E08	vc	PAC_164	1	15+iso	batch_one
-0.38304382417298793	3.9853232649808357	BR00101076	E09	SGBS	SGBS	1	15+iso	batch_one
2.83473467193062	-0.9943257985971137	BR00101076	E11	hBAT	hBAT	1	15+iso	batch_one
-5.572291470462911	-0.7878065467171502	BR00101076	F02	vc	PAC_261	1	15+iso	batch_one
0.006945267463492	10.664820355135499	BR00101076	F03	sc	PAC_246	1	15+iso	batch_one
-5.0273149303696165	-0.7572313776954418	BR00101076	F04	vc	PAC_246	1	15+iso	batch_one
-4.482108303568186	-1.7255722374691314	BR00101076	F05	sc	PAC_266	1	15+iso	batch_one
-0.5283223677278626	4.015028611191486	BR00101076	F06	vc	PAC_266	1	15+iso	batch_one
-0.014715036264321746	10.480495533912382	BR00101076	F07	sc	PAC_164	1	15+iso	batch_one
-4.6265139031192035	-0.7890726287846586	BR00101076	F08	vc	PAC_164	1	15+iso	batch_one
-0.35098000963613196	3.9644549633722237	BR00101076	F09	SGBS	SGBS	1	15+iso	batch_one
-0.4055182286829836	3.9350610473059158	BR00101076	F11	hBAT	hBAT	1	15+iso	batch_one
-5.567701858463002	-0.8122938122523371	BR00101076	G02	vc	PAC_261	1	15+iso	batch_one
0.005015596871310479	10.610304088276202	BR00101076	G03	sc	PAC_246	1	15+iso	batch_one
-5.061800002828166	-0.7538288878464925	BR00101076	G04	vc	PAC_246	1	15+iso	batch_one
-4.39463445233995	-1.7984886636275526	BR00101076	G05	sc	PAC_266	1	15+iso	batch_one
-0.5589634737714196	3.96369260940223	BR00101076	G06	vc	PAC_266	1	15+iso	batch_one
-0.045925752531141895	10.494235516894316	BR00101076	G07	sc	PAC_164	1	15+iso	batch_one
-4.610054995734927	-0.784510049395682	BR00101076	G08	vc	PAC_164	1	15+iso	batch_one
-0.42233895308141184	3.9551641103884236	BR00101076	G09	SGBS	SGBS	1	15+iso	batch_one
2.711543403716089	-0.8972898532965103	BR00101076	G11	hBAT	hBAT	1	15+iso	batch_one
0.5024413366935027	-6.195427993814775	BR00101078	B02	vc	PAC_261	0	10	batch_one
-0.11574349210017493	11.849010340806549	BR00101078	B03	sc	PAC_246	0	10	batch_one
0.8765157259262877	-3.2574910245000916	BR00101078	B04	vc	PAC_246	0	10	batch_one
-3.873816854495637	-3.1623790394449474	BR00101078	B05	sc	PAC_266	0	10	batch_one
0.14228043397319623	-5.933782101083749	BR00101078	B06	vc	PAC_266	0	10	batch_one
-0.005747905762561678	11.726386325416643	BR00101078	B07	sc	PAC_164	0	10	batch_one
0.7527253176838089	-3.160448325741884	BR00101078	B08	vc	PAC_164	0	10	batch_one
4.745227901471273	5.451318144837112	BR00101078	B09	SGBS	SGBS	0	10	batch_one
-2.1741091837221864	-3.4986615019344116	BR00101078	B10	sc	hWAT	0	10	batch_one
4.793727054157769	5.639329867960727	BR00101078	B11	hBAT	hBAT	0	10	batch_one
0.5379950327669456	-6.2538101251727705	BR00101078	C02	vc	PAC_261	0	10	batch_one
-0.47647495402370715	12.262974702728911	BR00101078	C03	sc	PAC_246	0	10	batch_one
0.7769897756562227	-3.097354771963418	BR00101078	C04	vc	PAC_246	0	10	batch_one
-3.994346023278295	-3.239040381350997	BR00101078	C05	sc	PAC_266	0	10	batch_one
0.2875689675613122	-5.957136691871308	BR00101078	C06	vc	PAC_266	0	10	batch_one
0.014717591759440207	11.68217910349739	BR00101078	C07	sc	PAC_164	0	10	batch_one
0.7903467727745737	-3.208336625206605	BR00101078	C08	vc	PAC_164	0	10	batch_one
4.904433322270377	5.800744927059594	BR00101078	C09	SGBS	SGBS	0	10	batch_one
-2.191117282286407	-3.5718670769475844	BR00101078	C10	sc	hWAT	0	10	batch_one
4.66222384632964	5.310070721570262	BR00101078	C11	hBAT	hBAT	0	10	batch_one
0.47584562901374294	-6.1161551364287465	BR00101078	D02	vc	PAC_261	0	10	batch_one
-0.5332376109060842	12.342398970288567	BR00101078	D03	sc	PAC_246	0	10	batch_one
0.9545611469790933	-3.2281498576233973	BR00101078	D04	vc	PAC_246	0	10	batch_one
-3.98742918485033	-3.212149910695527	BR00101078	D05	sc	PAC_266	0	10	batch_one
0.14049374541696585	-5.969408520302051	BR00101078	D06	vc	PAC_266	0	10	batch_one
-0.060796789219265845	11.828120213965601	BR00101078	D07	sc	PAC_164	0	10	batch_one
0.9542433280371814	-3.297456610149335	BR00101078	D08	vc	PAC_164	0	10	batch_one
5.022256293998691	6.017593491653888	BR00101078	D09	SGBS	SGBS	0	10	batch_one
-2.1283505550165334	-3.477826275727077	BR00101078	D10	sc	hWAT	0	10	batch_one
4.622877068992661	5.244011981969897	BR00101078	D11	hBAT	hBAT	0	10	batch_one
-3.5948423903542026	-0.9241764535571697	BR00101078	E02	vc	PAC_261	1	10	batch_one
-0.4894926638598661	12.255953462926255	BR00101078	E03	sc	PAC_246	1	10	batch_one
-3.0671473942978587	-1.2979064245366996	BR00101078	E04	vc	PAC_246	1	10	batch_one
-3.7333621878662004	-1.9736848728268284	BR00101078	E05	sc	PAC_266	1	10	batch_one
-3.53318394612092	-0.9742250318302457	BR00101078	E06	vc	PAC_266	1	10	batch_one
-0.39818087432789145	12.125894257956302	BR00101078	E07	sc	PAC_164	1	10	batch_one
-3.2610037668259872	-1.299492309837676	BR00101078	E08	vc	PAC_164	1	10	batch_one
-0.2459443992687146	12.096346126183528	BR00101078	E09	SGBS	SGBS	1	10	batch_one
-4.722584291742244	-1.6206235180761526	BR00101078	E10	sc	hWAT	1	10	batch_one
2.7184798388024918	-1.3131545865896912	BR00101078	E11	hBAT	hBAT	1	10	batch_one
-3.6787035790667537	-0.914089228235361	BR00101078	F02	vc	PAC_261	1	10	batch_one
-9.421783862681998e-4	11.597556085904424	BR00101078	F03	sc	PAC_246	1	10	batch_one
-3.263499054015188	-1.3248129631803478	BR00101078	F04	vc	PAC_246	1	10	batch_one
-3.999303665315474	-1.9194377493487973	BR00101078	F05	sc	PAC_266	1	10	batch_one
-3.5629448409176465	-1.0615580779430032	BR00101078	F06	vc	PAC_266	1	10	batch_one
0.06255627089810273	11.530544916433353	BR00101078	F07	sc	PAC_164	1	10	batch_one
-3.358354251495001	-1.3355723623528537	BR00101078	F08	vc	PAC_164	1	10	batch_one
-0.032183421776042165	11.974222613094787	BR00101078	F09	SGBS	SGBS	1	10	batch_one
-4.7230512795670165	-1.6343831070719712	BR00101078	F10	sc	hWAT	1	10	batch_one
2.722547525941945	-1.2257603311520489	BR00101078	F11	hBAT	hBAT	1	10	batch_one
-3.6052921312998576	-0.8766436156833128	BR00101078	G02	vc	PAC_261	1	10	batch_one
-0.21081997327891894	11.833754208316076	BR00101078	G03	sc	PAC_246	1	10	batch_one
-3.1648183116545856	-1.2863469342943457	BR00101078	G04	vc	PAC_246	1	10	batch_one
-3.911452469365753	-1.9840130199632402	BR00101078	G05	sc	PAC_266	1	10	batch_one
-3.527114306522504	-1.0860647346167578	BR00101078	G06	vc	PAC_266	1	10	batch_one
-0.019745679104567926	11.770693998699196	BR00101078	G07	sc	PAC_164	1	10	batch_one
-3.276021943493768	-1.323986203604462	BR00101078	G08	vc	PAC_164	1	10	batch_one
-0.043800527673231504	12.087419622811925	BR00101078	G09	SGBS	SGBS	1	10	batch_one
-4.712565598471	-1.6125623101813706	BR00101078	G10	sc	hWAT	1	10	batch_one
2.6943414833328503	-1.143544380170191	BR00101078	G11	hBAT	hBAT	1	10	batch_one
-1.3487519914226065	1.5405735828251879	D14	A01	sc	252	0	14	batch_three
-1.572913952162487	-1.3050341921502338	D14	A02	vc	252	0	14	batch_three
-1.4981769412246237	-1.3845991514498415	D14	A04	sc	214	0	14	batch_three
-0.40382264719223604	-2.21407780532071	D14	A05	vc	214	0	14	batch_three
-1.1777969756200848	2.4347592361431274	D14	A06	sc	270	0	14	batch_three
-2.5148231542055597	-0.4268469380039759	D14	A07	vc	270	0	14	batch_three
-1.0740089909205475	2.3294226035391725	D14	A08	sc	272	0	14	batch_three
3.533845912605691	4.213667848192914	D14	A09	vc	272	0	14	batch_three
-1.1766784396614716	2.3696311786758066	D14	A10	sc	276	0	14	batch_three
-0.11660366737865915	-2.6970243373315137	D14	A11	vc	276	0	14	batch_three
-1.2746086028288328	1.6479210323694982	D14	B01	sc	252	0	14	batch_three
-0.5358906083001512	-2.2925838476396025	D14	B02	vc	252	0	14	batch_three
0.5324706761745539	0.868437483033263	D14	B04	sc	214	0	14	batch_three
-0.477286835621908	-2.2878891445365035	D14	B05	vc	214	0	14	batch_three
-1.309135762899729	2.356674265947208	D14	B06	sc	270	0	14	batch_three
-0.04442040498059735	-2.6942294860498013	D14	B07	vc	270	0	14	batch_three
-1.2933735805915954	2.270596977387043	D14	B08	sc	272	0	14	batch_three
3.5358901594692504	4.219706452890178	D14	B09	vc	272	0	14	batch_three
-1.2999149518589423	2.293545702351409	D14	B10	sc	276	0	14	batch_three
-0.15269163161768648	-2.691577738503205	D14	B11	vc	276	0	14	batch_three
-1.3528989290978808	1.5636357101181173	D14	C01	sc	252	0	14	batch_three
-0.5496272411607159	-2.2837084789057416	D14	C02	vc	252	0	14	batch_three
0.5612128300678183	0.978861564511955	D14	C04	sc	214	0	14	batch_three
-0.5253614934934978	-2.273845175131213	D14	C05	vc	214	0	14	batch_three
-1.298295249844863	2.341325034207266	D14	C06	sc	270	0	14	batch_three
-0.2544013233561853	-2.4743469657176886	D14	C07	vc	270	0	14	batch_three
-1.238093886103072	2.1570902023459313	D14	C08	sc	272	0	14	batch_three
3.554594011918582	4.2403682613023905	D14	C09	vc	272	0	14	batch_three
-1.321894705264969	2.3552197337517082	D14	C10	sc	276	0	14	batch_three
-0.12090784039948493	-2.652320200228896	D14	C11	vc	276	0	14	batch_three
-2.6166968732966422	-0.3044419821520803	D14	D01	sc	252	0	14	batch_three
-0.42500681064141926	-2.3555306208140703	D14	D02	vc	252	0	14	batch_three
0.694522117793914	0.9446640270749729	D14	D04	sc	214	0	14	batch_three
-0.5213808897906358	-2.283854552807454	D14	D05	vc	214	0	14	batch_three
-1.356530004862966	2.3309785626113753	D14	D06	sc	270	0	14	batch_three
0.0019081582927887863	-2.663914560810314	D14	D07	vc	270	0	14	batch_three
-1.1868915815995549	2.2022170522208526	D14	D08	sc	272	0	14	batch_three
3.5553398821769977	4.240811492125058	D14	D09	vc	272	0	14	batch_three
-1.2416180503351328	2.306931593779437	D14	D10	sc	276	0	14	batch_three
-0.09424377214783553	-2.7163118101017982	D14	D11	vc	276	0	14	batch_three
-1.3363451860947073	1.143367459115711	D14	E01	sc	252	1	14	batch_three
-3.3230681807446083	0.7497176797809406	D14	E02	vc	252	1	14	batch_three
-0.6987666565657217	0.10814582887135205	D14	E04	sc	214	1	14	batch_three
-3.5031619795820177	0.9683233047435194	D14	E05	vc	214	1	14	batch_three
-1.3503125505598395	2.3105354289587186	D14	E06	sc	270	1	14	batch_three
-3.241746984843362	0.6189296472367705	D14	E07	vc	270	1	14	batch_three
-1.2319609800213744	1.9069317105494554	D14	E08	sc	272	1	14	batch_three
-3.500022450321284	0.7433185525653705	D14	E09	vc	272	1	14	batch_three
-1.3790996657374115	2.1284808052369284	D14	E10	sc	276	1	14	batch_three
-3.6960382568315095	0.555795786404341	D14	E11	vc	276	1	14	batch_three
-0.016989625557067067	-0.012902746234326523	D14	F01	sc	252	1	14	batch_three
-3.318335895095758	0.8189733031257513	D14	F02	vc	252	1	14	batch_three
-0.7139876460558106	0.09707500621285903	D14	F04	sc	214	1	14	batch_three
-3.4999998056822683	0.9178682894341439	D14	F05	vc	214	1	14	batch_three
-1.4053685206433058	2.2675769189547292	D14	F06	sc	270	1	14	batch_three
-3.149311969666281	0.3419587508376414	D14	F07	vc	270	1	14	batch_three
-1.2466411196157965	1.7465685398171718	D14	F08	sc	272	1	14	batch_three
-3.5541439872775857	0.6887641942826396	D14	F09	vc	272	1	14	batch_three
-1.38247102709013	2.085929776773569	D14	F10	sc	276	1	14	batch_three
-3.0087156859651283	0.05215119590604944	D14	F11	vc	276	1	14	batch_three
-0.0510723483110091	-0.012922140522945158	D14	G01	sc	252	1	14	batch_three
-3.3282226060157964	0.6408830560132431	D14	G02	vc	252	1	14	batch_three
-0.7262308744730817	0.11040414890515637	D14	G04	sc	214	1	14	batch_three
-3.5171496110191374	0.9681116410262719	D14	G05	vc	214	1	14	batch_three
-1.4467523914622082	2.3007440793435583	D14	G06	sc	270	1	14	batch_three
-2.935833431683509	0.07248471880402485	D14	G07	vc	270	1	14	batch_three
-1.227576081897091	1.8242605642593028	D14	G08	sc	272	1	14	batch_three
-3.5824012459812966	0.7055091831912381	D14	G09	vc	272	1	14	batch_three
-1.3850848241707077	2.1971341606500414	D14	G10	sc	276	1	14	batch_three
-3.1244441722576544	0.11145907290422286	D14	G11	vc	276	1	14	batch_three
-1.1156352372643263	1.7804965544827986	D14	H01	sc	252	1	14	batch_three
-3.27194311297125	0.6571367105486837	D14	H02	vc	252	1	14	batch_three
-0.747626139909396	0.15280015992108076	D14	H04	sc	214	1	14	batch_three
-3.419408876709363	0.7888223770173017	D14	H05	vc	214	1	14	batch_three
-1.4426552572741618	2.277498587270909	D14	H06	sc	270	1	14	batch_three
-2.971379196394316	0.07222180379530196	D14	H07	vc	270	1	14	batch_three
-1.0007405534947873	1.7074058828577297	D14	H08	sc	272	1	14	batch_three
-3.695228794117992	0.5507937531685755	D14	H09	vc	272	1	14	batch_three
-1.183169215826127	1.8937629685786543	D14	H10	sc	276	1	14	batch_three
-2.963833048932676	0.04867999400158374	D14	H11	vc	276	1	14	batch_three
-0.7821192283273299	-1.586895608316713	Day3	A01	sc	252	0	3	batch_three
-0.9702829365548321	-0.9761222575728918	Day3	A02	vc	252	0	3	batch_three
0.3253477953923346	-0.7448822645523006	Day3	A04	sc	214	0	3	batch_three
0.0829971273665101	-2.066164183749275	Day3	A05	vc	214	0	3	batch_three
-3.487390762568102	1.8887582688149374	Day3	A06	sc	270	0	3	batch_three
-1.7784384742099333	-0.40202335749171647	Day3	A07	vc	270	0	3	batch_three
0.7562025976959126	-0.1152295811584747	Day3	A08	sc	272	0	3	batch_three
-0.058072124478047604	-1.656481073225405	Day3	A09	vc	272	0	3	batch_three
0.3172318622517293	1.0716775451211586	Day3	A10	sc	276	0	3	batch_three
-1.9530668528782353	-0.22665650926632397	Day3	A11	vc	276	0	3	batch_three
-0.8500769798177364	-1.5948051375632961	Day3	B01	sc	252	0	3	batch_three
-1.0032239042972209	-0.9076557024338505	Day3	B02	vc	252	0	3	batch_three
0.43796391835797577	-0.47799387729810783	Day3	B04	sc	214	0	3	batch_three
0.29120972395148925	-2.1600528753188293	Day3	B05	vc	214	0	3	batch_three
-3.4271248414093645	1.8468156487381924	Day3	B06	sc	270	0	3	batch_three
-1.707329571755028	-0.4493407075883271	Day3	B07	vc	270	0	3	batch_three
0.672192708571584	-0.10536715061244095	Day3	B08	sc	272	0	3	batch_three
0.08923794026769688	-1.3396742314932675	Day3	B09	vc	272	0	3	batch_three
0.3200994108899736	0.9912823196476497	Day3	B10	sc	276	0	3	batch_three
-2.0233577401339407	-0.09088399629863031	Day3	B11	vc	276	0	3	batch_three
-0.060765075269917646	-1.6228547842828374	Day3	C01	sc	252	0	3	batch_three
-1.0388150080288563	-0.8657200347311071	Day3	C02	vc	252	0	3	batch_three
0.46007735302484565	-0.44950204634870783	Day3	C04	sc	214	0	3	batch_three
0.2867401891569168	-2.263252927281707	Day3	C05	vc	214	0	3	batch_three
-3.436295080931957	1.86059807400301	Day3	C06	sc	270	0	3	batch_three
-1.8511176870747181	-0.3395550737084123	Day3	C07	vc	270	0	3	batch_three
0.6092329302696541	-0.3019044241691695	Day3	C08	sc	272	0	3	batch_three
0.10846477247867348	-1.4865986337398287	Day3	C09	vc	272	0	3	batch_three
0.40959380575681914	0.9263547567109811	Day3	C10	sc	276	0	3	batch_three
-1.9970422393563976	-0.17095018903297254	Day3	C11	vc	276	0	3	batch_three
-0.05496519759509033	-1.5252203129667554	Day3	D01	sc	252	0	3	batch_three
-0.9424395764626222	-0.8454108103279703	Day3	D02	vc	252	0	3	batch_three
0.21056257054419114	0.06813780755712162	Day3	D04	sc	214	0	3	batch_three
-0.020927839380511515	-0.07216341933302872	Day3	D05	vc	214	0	3	batch_three
0.0028252121410682896	-0.13392812983859526	Day3	D06	sc	270	0	3	batch_three
-0.010226851382088675	-0.14104018356832948	Day3	D07	vc	270	0	3	batch_three
0.13460039323499212	0.033725275458391435	Day3	D08	sc	272	0	3	batch_three
0.12158409175232171	-0.0998635710179292	Day3	D09	vc	272	0	3	batch_three
0.36598433267989283	0.3371835878177494	Day3	D10	sc	276	0	3	batch_three
-1.9379123834303207	-0.23204059034203195	Day3	D11	vc	276	0	3	batch_three
0.8380610456206572	-1.3717761436630493	Day3	E01	sc	252	1	3	batch_three
7.445745431860178	0.14700919606563423	Day3	E02	vc	252	1	3	batch_three
0.8624217369736769	-1.2339702901419318	Day3	E04	sc	214	1	3	batch_three
7.37306071307218	0.102210236574091	Day3	E05	vc	214	1	3	batch_three
6.285544098986504	-0.0828626575471425	Day3	E06	sc	270	1	3	batch_three
7.365768675638769	0.14372667991733312	Day3	E07	vc	270	1	3	batch_three
6.368660432474211	-0.07433246939047966	Day3	E08	sc	272	1	3	batch_three
7.429728176042264	0.09476220834985494	Day3	E09	vc	272	1	3	batch_three
5.618085139329185	-0.2801317719762919	Day3	E10	sc	276	1	3	batch_three
6.595996513749769	-0.060653389076612774	Day3	E11	vc	276	1	3	batch_three
6.0012256787266445	-0.13381584667387258	Day3	F01	sc	252	1	3	batch_three
7.178886602949593	0.027504340231362168	Day3	F02	vc	252	1	3	batch_three
0.664291582136483	-1.1512019630756856	Day3	F04	sc	214	1	3	batch_three
5.823491724067818	-0.1970918693822039	Day3	F05	vc	214	1	3	batch_three
6.223625199917834	-0.08823964525501782	Day3	F06	sc	270	1	3	batch_three
6.19466146291294	-0.06055894309127585	Day3	F07	vc	270	1	3	batch_three
6.609570311532146	-0.05596492393390995	Day3	F08	sc	272	1	3	batch_three
7.373687606613746	0.0855449995831219	Day3	F09	vc	272	1	3	batch_three
5.67348383093465	-0.24640983061051402	Day3	F10	sc	276	1	3	batch_three
6.032718573244807	-0.11200842392515731	Day3	F11	vc	276	1	3	batch_three
-1.7010276370436828	-1.7144865790187602	Day3	G01	sc	252	1	3	batch_three
1.0356875134210717	-1.318188495937313	Day3	G02	vc	252	1	3	batch_three
0.8766983829610966	-1.2281155408259934	Day3	G04	sc	214	1	3	batch_three
6.767687268444098	-0.04341098161942125	Day3	G05	vc	214	1	3	batch_three
6.679331941378111	-0.048058185220893224	Day3	G06	sc	270	1	3	batch_three
7.460044646450999	0.0668961075016784	Day3	G07	vc	270	1	3	batch_three
7.395109577139973	0.1354887659035241	Day3	G08	sc	272	1	3	batch_three
7.436768557413144	0.1509881317704922	Day3	G09	vc	272	1	3	batch_three
6.120919342686605	-0.09719858445466101	Day3	G10	sc	276	1	3	batch_three
7.374283912691499	0.14358102482750712	Day3	G11	vc	276	1	3	batch_three
6.064860489682699	-0.11625733214936984	Day3	H01	sc	252	1	3	batch_three
7.272214537882787	0.07756597533064236	Day3	H02	vc	252	1	3	batch_three
0.7082698037588717	-1.1440056065120878	Day3	H04	sc	214	1	3	batch_three
5.740078645457562	-0.21109675171507591	Day3	H05	vc	214	1	3	batch_three
6.624121657146111	-0.06422296280505946	Day3	H06	sc	270	1	3	batch_three
6.9012247967578	-0.015446730671744735	Day3	H07	vc	270	1	3	batch_three
6.6170392394988	-0.05867102486064213	Day3	H08	sc	272	1	3	batch_three
7.41343580476779	0.10998914307043128	Day3	H09	vc	272	1	3	batch_three
5.5321801312867045	-0.2931804054726055	Day3	H10	sc	276	1	3	batch_three
6.985687376433916	-2.8599083709934803e-4	Day3	H11	vc	276	1	3	batch_three
-0.8346702972001288	-1.6379443181979412	Day0	A01	sc	252	0	0	batch_three
-1.2523869141225568	-0.6733442134179564	Day0	A02	vc	252	0	0	batch_three
0.7531633644949871	-1.0026752928070541	Day0	A04	sc	214	0	0	batch_three
-4.00903314838906	1.6244257892656855	Day0	A05	vc	214	0	0	batch_three
-3.8346917914268484	2.2802899993080397	Day0	A06	sc	270	0	0	batch_three
-1.7168178156173899	-0.39764620097373093	Day0	A07	vc	270	0	0	batch_three
0.7313353110815601	-0.00611479259678438	Day0	A08	sc	272	0	0	batch_three
0.9069350498033002	-1.0647883231468234	Day0	A09	vc	272	0	0	batch_three
0.3953775947914955	1.3898413225961637	Day0	A10	sc	276	0	0	batch_three
-1.741425420829578	0.25126694396497706	Day0	A11	vc	276	0	0	batch_three
-0.3480374775802627	-1.4732415126151028	Day0	B01	sc	252	0	0	batch_three
-1.2875994550338192	-0.5761514177999567	Day0	B02	vc	252	0	0	batch_three
0.3983844647593957	-0.6946518511598581	Day0	B04	sc	214	0	0	batch_three
-3.9787991844372717	1.671991979390131	Day0	B05	vc	214	0	0	batch_three
-3.8005420503390326	2.241142570300343	Day0	B06	sc	270	0	0	batch_three
-1.4705004131843602	-0.442710804190388	Day0	B07	vc	270	0	0	batch_three
0.6699677307003982	-0.10696795793025893	Day0	B08	sc	272	0	0	batch_three
0.8887888532674089	-0.9702812808270089	Day0	B09	vc	272	0	0	batch_three
0.39540770933281866	1.3933661891570852	Day0	B10	sc	276	0	0	batch_three
-1.7514209704929427	0.2387944638335372	Day0	B11	vc	276	0	0	batch_three
-0.769499995082179	-1.559115440296979	Day0	C01	sc	252	0	0	batch_three
-1.2637995295282014	-0.6172584736730191	Day0	C02	vc	252	0	0	batch_three
0.4950564991581431	-0.7305547589707448	Day0	C04	sc	214	0	0	batch_three
-4.009494751914035	1.5886269016599912	Day0	C05	vc	214	0	0	batch_three
-3.80606487062792	2.2535556689672385	Day0	C06	sc	270	0	0	batch_three
-1.4659248765050648	-0.3525922189130686	Day0	C07	vc	270	0	0	batch_three
0.637178014588215	-0.16131167823519532	Day0	C08	sc	272	0	0	batch_three
0.9005484432920539	-0.9808771603503685	Day0	C09	vc	272	0	0	batch_three
0.42392228274128374	1.2863328090842974	Day0	C10	sc	276	0	0	batch_three
-1.7399762134610288	0.24201479572097162	Day0	C11	vc	276	0	0	batch_three
-0.7239565828296696	-1.5867395347225142	Day0	D01	sc	252	0	0	batch_three
-1.2554144893149237	-0.6217313746935931	Day0	D02	vc	252	0	0	batch_three
0.553228424734171	-0.9899030709988177	Day0	D04	sc	214	0	0	batch_three
-4.032289605559146	1.5814037614468588	Day0	D05	vc	214	0	0	batch_three
-3.8247920516334757	2.307449880847641	Day0	D06	sc	270	0	0	batch_three
-1.6678378834470686	-0.3198543547618491	Day0	D07	vc	270	0	0	batch_three
0.6898072295347124	-0.0443057560000617	Day0	D08	sc	272	0	0	batch_three
0.9252411820900419	-1.066545306092712	Day0	D09	vc	272	0	0	batch_three
0.37252480856089665	1.331038709508093	Day0	D10	sc	276	0	0	batch_three
-1.790619748994431	0.18133100572721195	Day0	D11	vc	276	0	0	batch_three
-0.42432420112251334	-1.358482223596684	Day0	E01	sc	252	1	0	batch_three
-1.2813130592929511	-0.5177981051473644	Day0	E02	vc	252	1	0	batch_three
0.47943898888658953	-0.48684060688974906	Day0	E04	sc	214	1	0	batch_three
-4.007514971891259	1.662188125177238	Day0	E05	vc	214	1	0	batch_three
-3.7981386811211575	2.2473500335643974	Day0	E06	sc	270	1	0	batch_three
-1.35404048612085	-0.341468175010738	Day0	E07	vc	270	1	0	batch_three
0.5403892182863744	-0.42061152032766036	Day0	E08	sc	272	1	0	batch_three
0.7483012218336318	-0.7486468627246552	Day0	E09	vc	272	1	0	batch_three
0.35757100774597184	0.9763297738256064	Day0	E10	sc	276	1	0	batch_three
-1.6172122070629438	0.001312340389103217	Day0	E11	vc	276	1	0	batch_three
-0.7782188528743637	-1.6450023715166562	Day0	F01	sc	252	1	0	batch_three
-1.313222617588644	-0.6326982327045765	Day0	F02	vc	252	1	0	batch_three
0.4765304231394092	-0.909089076639042	Day0	F04	sc	214	1	0	batch_three
-4.007593415762704	1.625462976993251	Day0	F05	vc	214	1	0	batch_three
-3.8037015946275337	2.2506373989580037	Day0	F06	sc	270	1	0	batch_three
-1.7532619278623416	-0.2523432065855271	Day0	F07	vc	270	1	0	batch_three
0.7012915918243021	-0.036914894236153684	Day0	F08	sc	272	1	0	batch_three
0.9188762168221623	-1.093809185242226	Day0	F09	vc	272	1	0	batch_three
0.3606953309850631	1.3172903641793565	Day0	F10	sc	276	1	0	batch_three
-1.8367070102695093	0.10021395550032397	Day0	F11	vc	276	1	0	batch_three
-0.7940267533361465	-1.73402019550898	Day0	G01	sc	252	1	0	batch_three
-1.2769503585818067	-0.6907556419683754	Day0	G02	vc	252	1	0	batch_three
0.6198191535832964	-1.0402300887827025	Day0	G04	sc	214	1	0	batch_three
-3.9478246840246456	1.5632022262110374	Day0	G05	vc	214	1	0	batch_three
-3.821383901240807	2.245433182862393	Day0	G06	sc	270	1	0	batch_three
-1.6983587008248253	-0.3082740311007668	Day0	G07	vc	270	1	0	batch_three
0.7150967995463975	-0.01844976821436739	Day0	G08	sc	272	1	0	batch_three
0.9821780563912301	-1.033081033837577	Day0	G09	vc	272	1	0	batch_three
0.40411491418667755	1.4113479063571324	Day0	G10	sc	276	1	0	batch_three
-1.8909315326557061	0.07058148170378398	Day0	G11	vc	276	1	0	batch_three
-0.9093227972209557	-1.6629458529750376	Day0	H01	sc	252	1	0	batch_three
-1.2439239480074882	-0.6796609151737147	Day0	H02	vc	252	1	0	batch_three
0.6487112170132829	-1.0874521898547276	Day0	H04	sc	214	1	0	batch_three
-3.9352737438620644	1.585549327806611	Day0	H05	vc	214	1	0	batch_three
-3.8133685231677985	2.2274497932084065	Day0	H06	sc	270	1	0	batch_three
-1.7831767737274282	-0.1503316779053756	Day0	H07	vc	270	1	0	batch_three
0.6680893154852603	-0.04243787584077352	Day0	H08	sc	272	1	0	batch_three
0.9803217766278989	-1.055387371190785	Day0	H09	vc	272	1	0	batch_three
0.36506927358028873	1.478936029844209	Day0	H10	sc	276	1	0	batch_three
-1.8496711909210943	0.041382780279912046	Day0	H11	vc	276	1	0	batch_three
-0.9430932348916211	1.1852617605301505	Day8	A01	sc	252	0	8	batch_three
0.5911006924481595	-2.8320792332140394	Day8	A02	vc	252	0	8	batch_three
-0.024103384241887016	-0.3096110631079778	Day8	A04	sc	214	0	8	batch_three
0.5677557805104829	-2.4582321946233527	Day8	A05	vc	214	0	8	batch_three
-0.05717431398391137	2.1815493811543876	Day8	A06	sc	270	0	8	batch_three
0.22234515498991358	-2.673689075727988	Day8	A07	vc	270	0	8	batch_three
0.8736207379537848	0.6415827592848926	Day8	A08	sc	272	0	8	batch_three
3.575886992380014	4.262255786249873	Day8	A09	vc	272	0	8	batch_three
8.866195759971163e-5	1.8967612731851475	Day8	A10	sc	276	0	8	batch_three
0.16176065400656747	-2.7630248619238884	Day8	A11	vc	276	0	8	batch_three
-0.8687940983016934	1.0001705007665813	Day8	B01	sc	252	0	8	batch_three
0.4411458127101612	-2.661262326917253	Day8	B02	vc	252	0	8	batch_three
0.0027346116120886554	-0.30388920937969277	Day8	B04	sc	214	0	8	batch_three
0.4797893535963321	-2.2963200542097137	Day8	B05	vc	214	0	8	batch_three
-0.11176909616012429	2.3007843927346667	Day8	B06	sc	270	0	8	batch_three
0.2819010640453581	-2.6130556140435024	Day8	B07	vc	270	0	8	batch_three
0.7210079191219694	0.7562457244330109	Day8	B08	sc	272	0	8	batch_three
3.6165029928042753	4.299973708956528	Day8	B09	vc	272	0	8	batch_three
-0.08503508679684618	2.205048169015451	Day8	B10	sc	276	0	8	batch_three
0.2327662684319982	-2.689500946677909	Day8	B11	vc	276	0	8	batch_three
-0.8724998996388041	1.033286342231232	Day8	C01	sc	252	0	8	batch_three
0.5295197084086758	-2.7136347039237005	Day8	C02	vc	252	0	8	batch_three
-0.005799522461099382	-0.26291751735578917	Day8	C04	sc	214	0	8	batch_three
0.6448442806513408	-2.7015437972832466	Day8	C05	vc	214	0	8	batch_three
0.25816152191778774	1.6925498861258212	Day8	C06	sc	270	0	8	batch_three
0.17151510858484909	-2.7643757861744147	Day8	C07	vc	270	0	8	batch_three
0.9765791503800731	0.7188871128585727	Day8	C08	sc	272	0	8	batch_three
3.5856208885278607	4.270525225189818	Day8	C09	vc	272	0	8	batch_three
0.18420147801107079	1.749041527313727	Day8	C10	sc	276	0	8	batch_three
0.10293030171251583	-2.802825366118533	Day8	C11	vc	276	0	8	batch_three
-0.8334567849628591	0.9274900683269847	Day8	D01	sc	252	0	8	batch_three
0.4634218621084053	-2.674377238992916	Day8	D02	vc	252	0	8	batch_three
0.01674404576366506	-0.23271986107736597	Day8	D04	sc	214	0	8	batch_three
0.5827464555070143	-2.418038275212875	Day8	D05	vc	214	0	8	batch_three
-0.08165630741282526	2.267353103522887	Day8	D06	sc	270	0	8	batch_three
0.30155688706938766	-2.6459076497178984	Day8	D07	vc	270	0	8	batch_three
0.4475359287987296	1.1126435461016266	Day8	D08	sc	272	0	8	batch_three
3.66217640823584	4.344682237515491	Day8	D09	vc	272	0	8	batch_three
0.14652010112251085	1.6328703742542694	Day8	D10	sc	276	0	8	batch_three
0.23614507172909616	-2.6815457199955643	Day8	D11	vc	276	0	8	batch_three
-0.599303674638871	3.699920167894584	Day8	E01	sc	252	1	8	batch_three
-1.7215965243022935	0.6756380023915192	Day8	E02	vc	252	1	8	batch_three
-0.8794745290314433	0.18213169192002854	Day8	E04	sc	214	1	8	batch_three
-1.4832408401334822	0.9544106477030563	Day8	E05	vc	214	1	8	batch_three
-0.28258239064511703	2.7812159610958185	Day8	E06	sc	270	1	8	batch_three
-2.0343644633464875	0.2902635890762256	Day8	E07	vc	270	1	8	batch_three
-0.40275456418469185	1.8436713485205174	Day8	E08	sc	272	1	8	batch_three
-0.6421229847512648	3.6706231453415405	Day8	E09	vc	272	1	8	batch_three
-0.27058578703890224	2.6045886483585696	Day8	E10	sc	276	1	8	batch_three
-2.022960047765422	0.20648996474606363	Day8	E11	vc	276	1	8	batch_three
-3.9583985764190213	-0.3389445842777854	Day8	F01	sc	252	1	8	batch_three
-3.294894838547689	0.15736889790045794	Day8	F02	vc	252	1	8	batch_three
-0.8627836510625984	0.08941535683779478	Day8	F04	sc	214	1	8	batch_three
-3.1859373457062716	0.49431864327732494	Day8	F05	vc	214	1	8	batch_three
-0.39332806801982273	3.4608598716673074	Day8	F06	sc	270	1	8	batch_three
-2.5197782796431167	0.1316638787483707	Day8	F07	vc	270	1	8	batch_three
-0.3777661199933827	2.1305429505740374	Day8	F08	sc	272	1	8	batch_three
-0.5983546116245108	3.893018332687471	Day8	F09	vc	272	1	8	batch_three
-0.22321595638168934	2.2133617803047874	Day8	F10	sc	276	1	8	batch_three
-1.9796292198138892	0.2968187979179788	Day8	F11	vc	276	1	8	batch_three
-0.6245909660171463	3.7330843112858725	Day8	G01	sc	252	1	8	batch_three
-3.090555620380238	0.22385245339312343	Day8	G02	vc	252	1	8	batch_three
-0.7856719506317849	0.12319018417817884	Day8	G04	sc	214	1	8	batch_three
-3.1699017549698856	0.4978896183066918	Day8	G05	vc	214	1	8	batch_three
-0.41713880515631063	3.433972735287896	Day8	G06	sc	270	1	8	batch_three
-2.1754901221169924	0.16727140969886245	Day8	G07	vc	270	1	8	batch_three
-0.6884152377617029	1.7748480964741535	Day8	G08	sc	272	1	8	batch_three
-0.6677915868438662	3.8240489537224036	Day8	G09	vc	272	1	8	batch_three
-0.36399116924596053	2.9984796184348586	Day8	G10	sc	276	1	8	batch_three
-2.0380511153031855	0.16964723800191428	Day8	G11	vc	276	1	8	batch_three
-0.6936519197698259	3.5847934612025396	Day8	H01	sc	252	1	8	batch_three
-3.155151683336783	0.21014152073760817	Day8	H02	vc	252	1	8	batch_three
-0.9244785143251572	0.13256382827998747	Day8	H04	sc	214	1	8	batch_three
-3.205374958985617	0.4835954541753531	Day8	H05	vc	214	1	8	batch_three
-0.4214371609746917	3.3531761237538227	Day8	H06	sc	270	1	8	batch_three
-2.4372250262007564	0.19095213960932456	Day8	H07	vc	270	1	8	batch_three
-0.7787516419271949	1.7419602113499209	Day8	H08	sc	272	1	8	batch_three
-3.1612972001910125	0.6123927571843839	Day8	H09	vc	272	1	8	batch_three
-0.343889615503501	2.6426170255565804	Day8	H10	sc	276	1	8	batch_three
-2.0893133388842386	0.17385296618738155	Day8	H11	vc	276	1	8	batch_three
